user_id,book_id,rating_predict
281,2461928,8.642683106718382
1250,31957,7.578960552439322
4241,196603,8.067896056337082
5140,468894,8.365911587344609
7781,2141951,7.480400184104791
8391,4684864,7.693969798175952
13350,2927125,6.979507316335923
13680,2712011,7.183807668920326
13810,2450736,8.462346309890647
14950,531001,7.341217470539981
14990,3262102,7.679500864219993
15651,634493,7.873227398450681
15710,2145220,7.8819124241888066
15760,1251642,6.8074033213356495
16510,2121783,8.779417368531043
16711,1352957,6.676685603638951
16751,3802522,6.500550083144477
17450,479190,8.174060696208265
17531,3836839,8.27130883470182
18110,2599190,7.2963115243696945
20080,614433,7.5035457191543
21671,1612347,8.558021576924375
24231,2762412,7.6943957162421075
25190,2129220,7.643176468397057
26301,482039,7.950103500330825
26670,1341085,7.770389834547545
26851,2577789,8.39795338543817
27991,2141884,6.396445151170021
28231,173943,6.875922801340819
28270,195089,7.92172017546299
28951,2770245,8.021107111233281
29361,436461,7.990938511690695
29700,3991237,7.694962028566792
30160,1292056,7.688405819000386
32451,2215245,7.189727575389662
33340,1722927,7.929656004996156
34041,2423293,7.196870384037214
36270,4603603,7.649554363691708
37081,2694951,7.697563088481505
38661,763349,8.180203257183878
39411,1354194,7.749515814510436
39541,1750748,8.569959798278603
39881,306521,8.822804905981911
40330,2578149,7.654374874773018
40520,489872,8.207671372677176
41150,4625218,7.787936799440406
42150,473926,8.419846086942504
42410,2141871,7.722481026316199
42511,132629,8.460041260280066
44861,442320,7.391854454397143
46650,194451,8.851939822160714
47410,2467103,7.89929614859155
48221,188442,3.745749700356202
48890,261421,7.575065322708785
49261,131228,8.189169583779229
49380,2425135,7.198441395783212
50691,492895,7.748316673563859
51041,2276715,8.292213321735584
51630,901731,8.267971419359599
52680,195678,7.621508724120052
52741,2484967,7.765397389456788
53811,496731,7.953195582456399
54711,2231627,7.177838001472823
54911,1577474,7.653582204272549
55161,1947821,7.784637754010282
55171,3789592,6.973171787338649
55251,2463719,7.8717155786447055
55470,1726328,6.6701846210297
55861,2522356,8.559012753749723
56360,2443326,6.869393019524782
56410,3801229,7.002469824056896
57591,212216,8.526443536158967
57711,327556,7.866734783362896
59011,5175577,8.37783761323574
59130,1118435,8.498373270501432
59260,5069705,7.979153917268491
60390,6222,8.707620202299577
60520,2818720,8.083742724565168
60521,986524,7.21073023521132
60730,5075707,6.854826364232798
61020,117529,8.34918061990038
61560,5194960,6.966247179993971
61691,2266658,8.803534850003453
62090,2604131,8.027078612777233
62451,2435077,8.06095379099097
63830,2301271,7.771494288268049
64000,2287253,7.936737247404855
64080,1083718,7.715471236864952
64530,1462245,6.888098852413947
66320,2279501,8.038743214641098
66860,2482997,7.385707407536484
67000,2573148,7.9383673762416285
67350,2209477,7.803397154911008
68131,4289227,7.97534507964479
68790,1610935,7.705084206866122
69580,3182068,8.011651801171341
69711,2588792,7.990274885352517
72241,2532359,6.874695288724148
73081,3786424,8.264606179076194
73301,986032,8.256260960662681
74030,4564129,7.73227267537422
74200,3741640,8.785181791852569
74571,2212149,7.702424084288001
76211,313514,6.899224810736058
76220,2300478,8.638566268942839
76811,432544,7.5697830265840995
78640,1636917,6.960728296207037
79031,1201840,8.04979720798188
79070,4018180,5.959028530881141
79100,2229477,8.002682208844803
79380,3766759,7.971929477040758
79851,562680,7.929330108322729
80320,1709068,7.650322613933171
80530,4582423,7.649554363691708
80861,1523651,6.896827595064211
81450,2316186,7.8553008169062855
82160,4612210,7.625731592589973
82490,476483,7.654894699186089
83960,306445,7.7749489909314855
84471,484227,7.378744302868784
84801,6017890,7.917307663420072
84910,25357,8.046641966179562
85231,4148959,7.9383673762416285
85321,2690529,7.60028587035202
85430,2343168,6.995142106884937
85580,3785716,8.441034600502356
86020,3593470,7.501841930458005
86070,1751584,7.866761372590076
86261,5119510,6.287997203352049
86470,128220,8.247467857670008
87071,713520,7.641290108938764
87860,692712,7.3793731798003375
87891,4794718,8.043686716054566
88321,2527562,6.090298629407203
88751,4811725,8.374721537535802
89561,2362532,8.24754109124009
89581,2546856,8.353575567127384
90121,2577789,5.123755567205872
91421,504193,7.987363516911101
91441,1339374,8.268069095945581
91690,422,6.718902339549595
92030,1242504,7.649554363691708
93041,4752370,6.301959974543805
95610,2391185,7.84161239858022
95691,313787,7.555868480831301
96241,477223,7.676962256610988
96361,1853932,8.576695626054155
97300,1333065,8.346059175524632
97921,568079,8.44902797016211
98071,4183999,7.799137409820178
98401,2012,7.893453457986277
98911,35960,6.155178609274626
99511,181149,8.430912301365504
100090,612487,7.579217951676243
100770,449072,8.496696689439723
102621,2571359,6.660724813041138
102640,3465649,8.083830079300927
102770,3768418,8.71965878926067
103041,2531639,7.988334409770007
103490,472043,7.64606773785266
103850,103863,8.791669639651378
103860,316084,6.6904321038507195
104111,2712011,7.183807668920326
104461,129739,6.010020638239768
106071,1956388,8.661755286472177
106150,5144353,7.65718876605094
107391,2575859,8.416710482916494
108590,243334,7.537823758894934
108961,2401452,7.848967867214118
109040,214879,8.58675211486171
109061,2320592,8.107449382970122
109111,183602,7.984830778759298
109350,7209358,8.610322720804495
109651,778484,5.874465678639925
110240,4360447,8.358407695633549
110400,2599190,8.572834492655845
110580,1079,7.600278421051951
110601,911676,8.47965023780828
110610,4741048,8.800871085680093
110631,1806628,7.5095279530510455
110871,2610042,8.533586380508439
110900,216878,7.460324082520968
112441,5146501,6.701754826739256
112630,858237,7.935714332776232
112801,2321956,7.852344448743738
112821,313249,8.113514735648824
114131,4412509,6.092587943638778
114190,309421,8.01236073784549
114260,3863911,8.72250134463251
114681,3144355,7.738065167403518
116110,868187,7.667010668051927
116120,481522,7.995359272864125
116540,2081705,7.577245771977862
117211,494407,8.881680552748682
117301,2989726,8.36905939742337
117361,931342,7.885339226829685
117431,5168251,8.740997649603733
117491,471599,7.631850146704754
117621,314177,8.316893508496413
118861,4018180,7.167798412650817
118961,120160,4.329599762310622
119901,1444766,4.49924903675139
119981,2242925,7.818845938709625
120750,2286863,6.245894822216384
120761,2215231,6.144611944751781
121171,2318816,6.000382981121325
121980,1288384,6.315584496557018
122220,1353581,7.552915664963418
122321,2608564,5.501042013207984
122441,2209477,7.152812591078941
122600,264330,6.2074205357389065
122641,4879087,7.9236071622641635
122851,4177156,7.628269527065307
123210,2145940,8.329453706526333
123531,5075125,7.836692804201319
123840,535707,7.674416695487107
125330,2467103,7.93146034531432
125400,2273687,8.037502898558975
125511,466232,8.674731478913934
125620,2145175,8.025789975029415
125870,546726,6.333538948979542
126781,2596602,8.20995308700801
126920,2694951,6.8420583655530525
126931,2377730,7.66727791586665
127841,1030757,7.391852200953727
128390,859217,7.358325631284
128511,1442680,8.468841364252262
129711,2458140,8.382675790973204
129970,1299424,7.256411431227408
130031,1206977,6.236502941423954
130710,453415,6.4985286569596505
131100,4908796,7.607944692472468
132541,2287671,7.967477955629543
132711,5118154,7.784820723740467
132771,2388495,7.993178434484752
132950,4370989,7.888449949651069
132951,1239169,7.666142250508733
133210,2486590,7.51067391293189
133780,2486212,7.744535265736937
133791,2085591,8.353575567127384
134151,5040484,8.087324858960098
135041,3766759,7.825867453280078
135400,2737696,7.765954658314791
135620,3954634,8.19346878619311
136081,4183999,8.078214324685032
137231,2260524,7.512252531111072
137381,4827193,7.505499506544085
137500,1817250,4.270080539128326
137601,4681675,7.375838189874597
139371,170101,7.761448861685419
141230,534430,8.541346787169388
141320,2577789,4.572867950664531
141441,681470,8.458507304429867
142221,3763261,8.344765616936192
142250,800684,7.8170701693535625
142670,4181938,7.97534507964479
142931,2388329,8.84379625651166
143241,4533115,7.9916155520918695
143471,1214445,7.834723654602998
143881,447190,6.982768511342079
144650,1338181,7.186963257059393
145061,122216,8.357157701522315
146370,4631686,7.828945945113719
147750,2883814,8.576561954541296
148191,4432252,6.928782842344913
148840,196603,8.036330152018879
148890,103890,7.233558609372435
149471,573666,8.512313833242061
149560,471599,7.218876552425394
149670,4552675,5.755926615760247
150390,2139892,8.70691981617974
150400,2391039,8.11935438163377
150680,2251427,7.736168014518263
150971,872931,5.920095196139436
151111,484504,6.8857324270740525
151121,28666,7.9086175565179415
151990,34091,8.223114603013116
152101,4412509,5.617427961383736
152170,4295821,7.689717833986748
152611,3040795,8.068654175395602
153030,129634,6.817676359087794
153081,537558,8.792778431655002
154291,3693118,7.65718876605094
154851,1281472,8.011719102051163
155271,2205227,7.182074319192905
155281,829127,8.571530192103726
156241,1918003,7.471922858795666
156371,2260199,7.873501783620238
156390,4268950,8.804772604685473
156670,1932068,7.851561410032823
156980,2484994,7.27298790173811
157221,822326,8.136269756811354
157440,498948,7.956577735528447
157551,1000352,7.923701304960862
158830,2272902,7.84826704419788
160011,2279417,8.354299507143583
160131,2575023,7.846150774197381
160170,673411,8.316335594576907
160360,3893974,8.48278243930766
160371,2430403,7.934317747116559
160510,2071570,7.618080319437285
160741,31876,7.046449992751387
163161,4421068,8.818355159621666
163400,464534,7.833588215044525
163631,3891124,6.567600234350288
164031,460023,6.5612437523606335
164170,4096036,8.584090404025929
166010,2577091,8.480942817651837
166191,2392274,7.834207793102588
166941,428685,8.044580348516151
167021,462665,6.215813732355972
167200,447103,7.0439224818420945
167450,452117,5.2004316538229265
167610,1510247,8.69600228496417
168160,1326209,8.14399246730591
168520,2579670,8.104249233301777
168551,2381753,7.688893931056689
168981,487276,6.661577172653271
169200,2208241,8.603654659283064
171081,2251382,7.359793330935121
171410,2391259,5.963225656888811
172571,15656,7.160738713833264
172890,5220760,7.5291843106224
172951,36221,5.757815579637812
172990,305091,7.870025979787837
173070,2078915,8.204598569650209
173121,4877545,7.672842790257304
173501,389215,8.353480667361971
174010,4552675,7.970166970602077
174190,443517,7.912544373831371
174401,2879581,7.223532220017154
174700,321150,7.078042615428492
175101,3174277,7.784820723740467
175500,2071831,5.5751427084440754
175690,201483,5.628358036352715
176640,2525028,7.774578533751543
176700,1271808,7.85451002313485
176741,4020370,7.077400052101288
176750,4311490,5.614311885683798
177511,311267,8.8812243650453
177681,2471471,8.57480100684836
178071,2482461,8.259606327992325
178091,4741048,8.840903274779402
178390,2180196,6.338129107241572
179720,2273687,7.833145127553501
179830,800684,7.601046258217835
179940,356451,7.744913687549234
180750,4005610,8.724113263087165
181480,438672,7.829412003808711
181510,2256539,6.9646906792019765
182561,2277015,7.607420816742195
183081,463784,8.000199330239248
183231,1552736,8.00101287171133
183730,1796985,5.718864312948058
183860,2259706,7.685015559946339
184741,459282,8.446837850901357
185000,2382555,6.973860915667147
185320,1354988,8.235010256456217
185950,1829938,7.671728709058964
186450,162458,7.461672606034037
187570,2204362,5.99184766528743
188461,2600001,8.383191050192549
188641,481572,7.760767193694162
189851,3448510,7.66077090044587
190181,644525,7.662011516455354
190650,402609,7.820322708860168
190900,1046376,8.147115059606993
191450,2139892,6.98216323633937
191711,4075519,7.395035548014589
191811,460012,7.66145627007602
191921,4018180,7.259040434155685
192300,2610500,7.963386112911752
192551,2476171,8.526003209348247
192641,2550430,7.989921200385806
192701,1650579,7.745655879140618
193061,215689,8.393212340884388
194640,468013,7.293840784301271
195341,2341532,6.997327905054623
195961,4595326,7.840318839991777
196010,253112,8.36661127533899
196801,2215214,7.4795984584680655
197080,2604421,7.805012257830408
197110,4673368,7.622914999776782
197441,2543439,7.641471766198056
198871,4943551,7.984652478189123
199020,2063519,8.825475126692426
199950,2473078,7.850370069359356
200500,2340191,8.121695776867435
200971,2427627,8.145461897169609
200980,2334724,8.752611163033007
201100,2942662,6.852447036440624
201121,4025413,8.359544113753017
201190,387779,7.381969439420203
201601,2600366,8.13305774605731
201620,28498,7.100879211615611
201660,541600,7.996315866365653
202071,166554,8.212275571773676
202151,1185181,7.85910186926502
202481,3884554,6.811509831199073
202771,3916879,6.199214105399617
204210,3228,7.930647046702941
204451,1798025,8.17410967306963
204561,145925,8.017539127914086
205040,3307879,7.4410003475669315
205201,2599190,8.077661745793847
205951,625273,7.433027055535816
206130,2302653,8.035477469628473
206241,850123,7.636287811900256
206420,2438898,7.241112095298907
206570,9695,8.526708220442943
206860,2371874,8.169772698955235
207150,840112,7.788819501364092
207540,312722,3.714969354095517
207710,414903,8.040104581659635
207751,4238251,6.4714387565101585
207790,2131332,7.89152201565039
208230,2694951,7.946014033515389
208650,2854876,8.698410312968841
208760,1826129,7.772720552501997
208950,1389198,4.563855003831758
209920,320876,7.73642740224857
209971,4268815,7.945210426258602
210401,1868694,6.892638973318767
210541,561983,6.781733431407617
210561,716862,7.2162939262136465
210941,2372787,7.731179556997774
211131,454135,6.946039114929999
212161,538751,7.724754621417393
212341,2466103,7.139049807232625
212350,3908170,7.190079332759331
213001,541497,7.6510184513957515
213090,2528013,7.109819012925171
213410,693650,8.115280418576148
213950,2854876,8.531609190953992
214221,2404808,6.200608842705007
214300,5168,8.24871218832662
215210,1130783,7.194926343095423
215301,127232,7.906869718348849
215510,5992732,8.802203734900512
216060,2595480,7.128375676195007
216311,355439,8.031164457727728
216530,490080,7.913301374160431
217081,2737394,4.507743541983729
217411,212216,4.6699216468553155
217611,1004181,7.845002657634267
217860,4311712,7.618731854969706
218611,931342,8.025302336604993
219500,8467358,7.898611343737836
219851,4396336,6.127216985219403
219980,1277744,6.687196812746822
220931,2560622,7.65718876605094
221411,8369,5.727497844383578
221950,308428,6.817709313221511
222591,261524,5.380755461425259
223341,1198693,8.128516016785298
223760,478773,4.656265339908905
224191,2447140,7.325287181640551
224341,2391405,7.443267791316976
224491,2285934,7.7671788807150115
225340,2368374,6.651614358624072
225600,324393,7.697593236357032
225791,2256249,7.954662663429106
226141,3442753,7.0797007291798195
226491,449930,8.494798221244977
226711,3113920,7.857212997972534
227021,2141878,8.053675758701118
227091,1242,7.664020675468122
227161,3113920,8.261339524085843
227351,2141951,7.818393076942221
227440,424004,7.445300228083626
227521,2381753,7.540417659532131
227530,433138,7.846821368398672
227921,435689,7.777984627712442
228910,491287,8.421788506276068
229460,1738984,8.624921883480894
229621,374583,7.694522733333104
230450,4251175,7.174753788122928
230720,5941771,7.654543316156276
230851,5679028,7.819369892609425
231280,2912968,7.186963257059393
231510,3795157,7.956996167080816
231690,2854540,6.6101456689067355
231881,1469286,8.162002862161684
232370,717,6.6277430144423795
232611,15311,8.016385993578355
233250,99875,7.104337282441659
233511,19071,7.634834104126572
233860,2077927,8.558732207506957
234470,273610,7.874095766327586
234901,326664,8.106315259227111
235121,6034,8.299515984786957
235171,1720918,7.870216482413343
236180,1100180,5.965213175613988
237030,305091,8.098928226239599
237191,5240974,7.945071122447312
237320,3758968,8.848059546193959
239110,1274157,7.826971155473421
239121,482090,7.668306073255175
239561,2753592,7.588288008780508
239660,2145226,8.454569338391913
239710,314889,7.811204690932497
239930,308125,7.670774283607284
240031,462548,7.788592489169271
240490,230222,8.265697347329617
241811,2927122,8.025576365391114
242281,25357,8.24202095038535
242290,504685,7.901656313221314
242550,1767667,7.2332302471990415
242971,1079,7.303941097201984
243221,2576730,8.044628122743875
243501,2435139,8.139874972813933
243751,2579670,8.611903895454391
243871,18790,6.839260387822925
244010,1198519,7.926385828622987
244091,3441835,8.448587802935208
244191,2308809,8.390071692096088
244320,460790,8.094151564511774
244761,2477635,8.725315227374663
244951,714189,8.021632249975193
244971,5075125,8.358245227001804
244990,1271808,7.885485948447838
245240,471655,7.3054697548379695
245720,307196,8.358498316465795
245881,2198457,7.6864851102883325
246280,2476538,7.657264745665584
246641,461022,7.042278110041182
246770,1753316,8.347712624026187
247231,449623,8.73093856539076
247851,514610,7.428041820593615
248091,122054,7.556678761055194
248490,2464530,7.018123848263261
248671,4641646,6.985808312962259
249090,2372666,6.872552854492281
249570,763611,8.211960837050933
249630,1250114,7.074652356374445
249720,4421068,8.864531414840775
251211,3727723,8.881009540531723
251250,573120,8.414722805489633
251410,5119,7.567526434325385
251600,2473942,8.849817516091369
251990,982417,7.315671497048048
252040,304476,7.875903045593204
252550,2106490,7.823048307095643
253001,691004,8.36476248489092
253761,469966,8.22449878555736
254121,982720,8.356053571331385
254280,681470,8.036374767915397
254461,1546667,8.095540882607516
254500,2344017,8.016739429569553
255161,273772,7.885042171439321
255381,1730066,7.434404992394575
255700,4127287,7.702181715548095
255711,1836656,8.47369844861408
255901,2378091,7.93778185453975
255920,485341,7.997814062046476
255931,2238727,7.788402858135398
256290,625734,8.10895467180435
256340,999574,8.23066321705453
256781,2286120,7.610901803553186
256860,2300795,6.655357651712612
257041,2600366,8.064378019006814
257331,5108425,7.689984141276242
257551,2297476,5.226426014919821
258471,2221677,8.391443000075775
258491,1354194,6.78046309229051
258631,2259919,7.874687816970627
259320,2450614,7.713945956377497
259450,3853429,7.110387317322013
260430,1826143,8.489528797783498
260940,461023,7.512023619851472
261340,2470824,8.277526328317784
261551,459282,7.92211136707365
262251,826458,7.716631332397947
262620,464946,6.859447728701738
262720,4029277,5.757815579637812
262760,3954850,8.211960837050933
263391,2340891,7.399489758183182
263440,229709,5.427726865345501
265481,4876090,7.917573370629437
266530,2604672,7.40456039447754
267521,2580260,8.382228252242996
268550,226126,8.411692863220647
268651,314889,7.062776517756281
268790,2409026,7.111394703611286
268861,5039041,7.743959813198423
268991,2426709,7.918017558212755
269020,6447652,7.951946275298405
269061,6841975,7.9152884788185585
269361,4394638,7.797444082671897
269481,7078906,7.467465823933346
269500,975284,8.474898543425025
269540,22695,8.370427766450124
270311,305091,7.701843891788626
270491,5036077,6.402058071121545
270750,1415586,8.096650787579637
271090,901725,7.02776936700021
271710,2318061,7.293906414492822
272100,1273027,5.996605308985697
272311,2436870,8.02831915290815
273230,1609097,8.12472365441861
273850,1253683,8.50256612480488
274771,502441,6.866147273875253
278861,304531,5.6217542665752225
279461,2856001,7.6086083280866434
279580,511816,7.49212805669483
279940,1552732,7.993429184687322
280721,4757194,6.937096741191784
281471,3083248,7.920403924569589
281531,468389,8.571791144529776
282750,4387630,8.364863521522578
282941,232739,6.19542210333875
284340,4143616,7.269190038772283
286610,3877819,7.6039077305796985
287781,2214808,7.691122503903084
287991,2216183,8.081838930966631
290920,493188,8.485331122499693
293591,3103204,7.493668152457238
294480,470346,8.518985194492998
295291,2291653,8.20963459615589
296740,842340,6.2748410919365405
297470,387779,6.632990241742757
299441,6841975,8.375474523372393
300190,1350395,8.14633625821274
301720,2463962,8.033472589822308
302910,1077459,7.742177304347814
303021,2427684,6.876476625308735
304091,485720,8.709081879486726
306890,1389198,8.069111512790203
307100,1339176,6.949710304746632
307151,2854876,8.281981833288114
307791,2602455,8.366465100066646
307800,8336450,7.355943344358364
309371,1118435,7.662321064157699
309841,1326209,7.997913179185268
310530,875930,7.973749104997007
311001,4421068,8.711552820210327
311111,830798,7.633547568894505
311610,1812537,8.382552832040531
312350,916431,8.357590347172614
313011,1774131,7.747682360991913
314091,32273,7.755163093819549
314621,2273023,7.11021822252913
314710,31099,7.736823928686956
315091,1689260,6.718837487208799
315511,328097,8.240316092822495
315580,4570615,8.173387718318823
315951,1097356,7.818481641890336
316270,312058,7.9512659754788935
317330,3174526,7.327860802638246
317520,2531639,8.082482343761548
317631,99886,7.2306402778600845
317641,4127287,7.9568649047359745
317881,4020766,8.04813596194309
318180,2277007,7.985230046422507
318360,672166,7.0541575621303565
320341,446448,7.402879574273662
322881,1957553,8.059793191233723
324900,2895571,7.722114454836699
327180,1139781,8.280388171883972
327950,2770245,8.541888438835958
330601,1362074,8.479428001085592
332071,364144,7.9845553749398075
333361,2141878,8.24463677472124
335250,954946,6.971062126574666
336000,1281957,6.541204081034621
336441,103890,8.345764347107814
336450,2543486,8.005333411277473
337561,130794,4.690351706587718
337600,5220724,7.745588927698431
337891,98184,5.332670876845507
339050,479829,7.105912355644108
342291,7251913,7.943536842040135
342360,2463590,7.531614824797182
343431,4696876,7.24164023818697
343591,2918407,7.784820723740467
343620,244853,7.836898837310272
344110,2001351,7.892056096515823
344191,4731400,8.000191401370289
347090,97428,8.079672875807422
347811,2107,8.00723877039286
351800,1198693,8.09878022610684
351870,2482917,5.872229184354142
352390,1266045,6.6971329053360495
352430,477264,8.462493642214616
352700,4897,6.80135116132743
354541,4018594,7.778274553447872
357080,4542781,6.987980447334828
357260,102172,7.954476655508791
357711,2254200,7.657052104318326
357761,305091,8.601116520750256
360751,501632,7.650799522727494
361950,840500,8.162815897377008
364420,533126,8.35474364976845
366020,160,7.2995563691711665
366901,1326165,7.096875992317178
369020,851099,6.818743239414145
369321,2596683,7.199535922309471
369890,869386,7.583502218230405
371271,4073185,7.62814954500728
373620,2474323,6.931233311831357
374171,4336795,5.951443343970649
377000,459282,8.571642700874442
377020,305514,6.8786356392508745
377540,2273648,6.367621189215311
378031,1957553,8.156076199918482
379080,4005634,7.358766439707623
379151,2528326,8.038222906206904
381051,3036901,8.087266532881259
382380,1332296,8.354139022677224
382481,3756355,7.833134636885937
384550,2232796,6.585300837322455
385211,2287669,7.887392816207611
388170,459282,8.22592960195499
389831,265140,7.553307930272531
393551,2450614,7.611286656458385
395040,620988,8.216792965557097
396281,5041,7.5660120024709725
397530,435903,8.579360628201442
397881,3952804,7.771181777608202
398641,310397,7.926317616381912
398701,1350395,7.8077231627098165
399481,167270,7.070744915068324
405681,2866666,7.769746504952213
405890,214961,8.045979335222478
406191,220841,8.30874423984618
407011,1703854,8.073422616587099
407031,3739819,8.84831199051382
408351,445931,8.353332413544436
409751,309002,7.79456579491263
410740,1923674,6.845300154033441
410831,1436216,7.737999460558685
413790,842801,7.894953030691069
415430,1881560,7.793750714435752
415581,1325234,7.897736002769435
417891,851093,4.377795654358681
420040,104148,8.32831215053359
422991,4414693,7.456379676731962
425161,2693031,7.757673312298838
426661,2525028,8.071115699757657
427280,2311691,8.11428589687689
427590,1197306,7.254502195904839
427951,2353702,6.734038720421567
428290,3465649,7.395050714760303
429401,986423,8.211158784542826
429820,2348687,8.238335371187887
431391,4552681,7.306294811472398
437220,5063497,6.10889651442489
437711,840500,7.918936916431944
439461,4396336,7.090580563934918
442670,866537,4.534099967805347
444290,2204362,7.760809719985455
444900,2467103,8.284713230107432
450700,254054,8.533593611859578
453320,5095009,7.940724838300119
453471,2131332,8.034174189664142
454630,2446042,8.117170553286796
454881,845896,7.535566965062824
455700,122606,7.230599844757014
459390,2574955,7.565988908610542
461830,399572,8.103262556798176
466351,499892,7.65718876605094
468800,2925391,8.82793980948132
470330,2435952,7.6692853591805
470410,315410,8.60846586099301
476691,2473078,8.601693918861868
483490,2448177,7.659019839610436
484001,2854540,6.693991600035395
485041,2334458,8.82360496281451
488121,4012591,8.173225249687079
494140,2444584,7.451889787546719
497541,2372666,8.154977079451251
501321,480547,7.3332845642705005
501410,4528615,7.078042615428492
503101,2214811,7.879454919046893
505131,122843,8.211960837050933
508310,103530,6.845870550121302
510570,3534970,8.80804270109782
515560,862842,7.340821586408161
528270,1319281,8.001103616159854
529320,389215,7.177252139568497
529411,1720918,8.035954741795313
531121,2145261,7.900153856146518
533860,5165923,7.669726714557366
535410,2351682,8.207369396159114
536591,1340407,6.94261503730086
537430,2167097,6.357890534605887
537710,579714,6.584180193604678
541181,2524593,8.441101586583066
541501,2456705,7.748959505088432
541700,4182373,7.460600246111935
545040,15088,8.517756281979196
547491,1787350,7.145888468609198
549610,592415,7.2028587052346085
550471,3730612,6.979857847361797
554641,2480706,7.9119460645568696
556230,892049,8.12380561813438
557470,2467103,8.001526112531195
558041,130794,7.9505180213716775
561951,644645,8.505058784300982
564201,2204362,8.485481261517966
565490,2577789,7.599608992516585
569771,261545,6.891602440068784
569860,4400638,6.539569164856848
580550,2930800,7.660803253640247
581711,1858824,8.472021716135478
592411,4000258,7.702892723751354
592451,1726513,7.555621722332898
595691,3852478,6.534399367306646
595790,3088066,6.850273940540807
599521,2312450,7.540247330104436
602600,1819862,7.6148313409079815
603250,2856193,7.258235642017362
603551,458591,8.1244629969386
606281,822326,8.177131696169228
606841,2476107,7.475762841764425
607021,1154948,8.025253260458783
607681,647093,7.385251318289564
607921,4873261,8.361692013970917
608230,1679042,6.553988686686484
608610,4352317,7.885333873951131
609271,361725,7.846258585934897
609660,1796985,8.044524725322496
609920,4148833,5.864280980148039
610391,546185,7.681812873260347
610891,282223,8.294718523955247
611200,424004,7.8994031952020505
613041,2381263,7.840318839991777
613151,3730774,7.080780126982044
613651,304786,8.144804347431611
614611,10890,8.50163780010957
615741,839851,8.235091350793265
616451,4181938,7.917498002636621
617691,3082987,7.0719949091795575
617860,1625598,7.916691333819095
618120,4187119,8.20219031524821
618231,4645801,7.712770203835395
619001,496089,4.622132354502731
620361,677106,8.571336665962564
621251,1918727,5.2046644339184605
623060,1957073,4.512872971505057
623781,5221645,8.142541493739744
626500,4020310,7.045757637893664
626610,197409,5.447208676905298
626620,2375878,8.50419399259194
626621,2145228,8.33811647269747
626901,323354,7.822695376060334
627391,30117,8.341259663866182
627600,826078,8.021940733776336
631271,1354988,7.740834661788123
634101,1281957,8.224359479738101
634691,1819862,7.639793068672601
635551,2341451,8.391520926473794
635590,4421068,8.840746869957593
636831,3895942,8.506383577329617
638641,3262102,8.014672283743327
644271,471978,3.7716794212643485
649060,2254200,6.992762599503978
650320,1295449,7.52358115045
653091,2254200,8.016435103277495
657810,2599190,8.068119755901552
657861,2456197,7.850162558742547
659091,3836728,7.1325593601486945
661070,33078,7.507653936284765
661631,2287669,7.5550545071449005
663191,3956947,7.79109325224145
663611,2261085,8.018855230611862
664191,5158702,8.731684353029168
667690,395324,8.477899742032278
668651,2216045,8.308530304885574
668821,2600366,8.575153126332392
669080,2408030,7.712919614314723
669250,571911,7.945103521971028
671051,2344040,6.852455914899084
672540,32964,8.304731361622977
672990,2279426,7.106308191962002
673810,2254200,8.162560100517826
674130,873287,8.233324655734048
674560,281919,7.868977732464455
675840,5186470,8.245378283432975
677571,2283303,8.388061965015586
677861,2463719,8.177054061941094
678831,7303735,8.844262504071152
680751,4304347,8.84831199051382
684470,2157809,7.707694945739796
688751,2349047,8.128859026941907
689031,2334513,7.496269312876723
689800,220837,8.102718301799278
689920,2217790,7.5045279634019435
690410,1956164,7.719315639987575
691860,2952271,8.60160356226921
693560,272183,5.755926615760247
694711,244328,8.076046823687483
698921,2759493,7.369701159780333
700080,1350395,7.833232899071296
701710,454746,7.80981638563954
701741,1098150,8.385046681950165
702890,2460999,8.038761119321343
705010,1383813,7.564413270127221
705970,5332672,8.00905161397172
707710,2236358,8.466830984812914
710520,2207103,6.581631164957219
711591,2224056,8.013229323483008
712201,2599288,7.612776820978632
712770,2438238,7.784589490546642
713561,1123680,7.727091382133962
718180,2409026,6.883440530376701
719751,2248860,8.468455918671038
719870,7739588,7.067537065001386
721721,1897536,8.292855952617625
724531,839851,8.099005594946666
725381,2909287,7.612776820978632
725831,2575584,7.577245771977862
725950,120846,8.663151188390291
727991,2930800,7.722691035067137
729491,1280602,8.19990173944172
729670,1721523,8.550977976267665
730391,2473078,7.7962145990151495
730411,5690488,7.569203576743392
730921,2341451,7.892482150050984
731961,1786160,8.140960651120816
732491,19038,6.082450160037424
734061,2212447,6.165469696925839
734701,1819862,7.81337629317096
735140,36960,7.909123195512233
738251,3758968,8.82793980948132
738521,2141951,8.034512639985758
739601,1330525,8.782349811626531
741351,491287,7.874146914346224
741400,2123069,8.600462426156573
743321,218103,6.1034830351664615
744050,1345763,7.509385103866683
746141,196603,8.541078665997173
750520,2327753,7.334639484259581
750561,2338877,8.054949013522027
752741,28642,8.169706739812849
753661,2988286,8.320880510300096
755140,2423293,6.5014453896728694
755491,1941429,7.92658303968146
756470,4300483,5.614311885683798
756500,6299320,8.368002479511375
756811,2251423,8.033428901254933
758760,584,8.202102054772691
760361,2431816,7.629853656293351
760761,2993428,7.83966893521511
760920,2575023,7.5064631260331875
762011,25357,7.097297394292077
765261,2225151,3.7520874522985377
766471,1240867,7.645506017664407
769220,317,8.000032556421077
769600,1674094,8.354896250871022
769671,2128059,7.776626945294595
772100,488981,7.574286064403042
773891,7102447,6.189233446914153
774041,504193,4.566691699608748
774471,1338152,8.779699284273079
774520,1730510,8.329116976500199
774540,2254714,7.011398880034934
775160,2348137,8.152979481100315
775230,1923818,8.569142403582315
775611,433856,8.055845181183873
776040,9427,7.6285701932514085
777041,4227847,6.3821752870327995
777771,2539301,6.39890455719513
778061,478939,6.183219517235681
778790,6039676,7.330214259624601
778910,5321515,7.602419794394785
779190,424004,6.745185051376636
780210,2893579,7.23723480233628
780260,1204668,6.850273940540807
781680,2588406,8.304443503991644
782291,4621750,7.786372558794238
783170,2595422,8.094516729737451
783450,2449615,7.159672904712168
783741,2470650,7.393926280878078
783881,1363237,7.678670841479228
784401,1446974,7.91042092220409
784561,2286863,8.375154595646201
784610,479829,7.159650382935219
785721,4421068,8.834886397071244
786150,130794,7.891609294209623
786711,441119,7.379287618812427
787190,719748,8.424253999752704
788021,125912,7.586213291394911
788380,2113879,8.22387487418964
788930,4782199,7.723575853717902
789131,493936,6.923113636508524
792940,24606,7.562125927062556
793261,5142181,7.834390306833475
794031,2606099,7.976214384321092
795071,2879581,6.905162748630526
795190,2444108,8.467048844849305
795820,2390160,8.50347127712765
797031,323172,8.361692013970917
797460,1281959,8.577489180803957
797591,4199539,8.358557746264472
800180,9746,8.501867168896856
802750,2234272,5.474568739212735
804960,4860706,8.244190480750467
805021,196603,8.593866833957186
805161,2525634,8.016005902117826
809271,2424823,7.774772512913172
809970,1197767,8.262223178167591
810131,551368,7.562704605102306
810251,4967446,7.712919614314723
810290,1240867,6.723153417170776
810760,4741888,7.327452072674468
811770,1933059,8.254057154100638
815221,463181,6.201610078633591
815280,573666,8.011034355872814
815641,2599190,8.610492519264465
815890,2604421,8.040217564333828
816281,4659631,5.755926615760247
818641,321186,8.128660567468426
820281,123435,6.113377896988761
820320,905945,8.361162046960333
820731,455374,8.028782457186802
823370,1723866,7.550036521654348
823431,3693229,8.868546230485352
823720,2231609,6.5970067170541276
823801,2540482,6.136605876846687
823991,2866666,8.28960011374135
824281,2482868,7.688405819000386
825111,2191583,7.460980020718916
827040,152915,8.003201651858106
830610,1902534,8.455413259239831
830701,2268254,7.627040553473725
830940,13295,7.66077090044587
833321,2324521,6.573039451755494
834281,2371625,7.484915584647894
834720,4528615,7.378744302868784
836160,2864224,6.837594334033179
837040,1609097,7.772137547797551
838631,2197478,7.982647810164674
841531,3834205,6.888863865386449
842821,1122607,7.8899542568364
843591,5146285,6.8595565441294655
843750,2295424,7.615806171153256
843871,3160264,8.353575567127384
844360,690802,8.162829239879825
845780,112373,8.511393600551209
845880,2580152,8.462189477943344
846760,520845,7.682500122734728
848261,441905,7.21490002625761
848471,3796639,7.443681662864895
851971,8467358,7.331168320617881
852091,220837,5.007288668924908
852350,445212,6.902733954009609
852610,261647,8.8812243650453
854741,4582966,7.669726714557366
857010,2485642,8.076279394882603
857030,1239169,7.461697460129866
857501,2575669,8.188651545414338
857961,532849,6.078868025642493
859540,2588406,7.630900012302432
860370,3095038,7.832311245231546
862191,306116,7.634685784799515
863141,3693046,8.227055505378742
864390,2571359,7.508413254833559
867151,114116,7.48154923257717
867781,2525634,8.20467837229365
867791,8467358,7.699109405127753
868231,877540,8.180768400045727
868590,386964,8.086374788076187
870440,1227904,7.677335391637219
871370,2254913,7.667979404523308
872411,2214808,5.990789818217621
872780,3449974,8.392656507547999
874990,2429099,8.81116126672895
875420,466560,7.552418899584783
875621,452668,7.252971338894353
876390,5252320,8.048351148455739
876990,1202394,5.714994404678603
879540,38618,7.751446975010178
881831,4421068,8.848932163945571
882111,1100180,8.17903499736724
883471,4421068,8.848932163945571
887281,1609097,7.543000777041105
887541,449150,8.142267539705298
892170,481608,7.658732629887498
893191,195024,8.60290385712937
893761,465230,7.86507186522316
894241,2448177,7.380396269383759
895380,307583,7.934409206596738
895461,863676,7.4671498668163645
896040,420807,7.347492841172823
896601,314889,4.92046549766442
898531,1117456,7.792502732498726
900491,523498,8.847045184947545
900751,168292,7.8380301764104825
900950,198804,6.985009141638606
901340,877575,8.29739914854969
901430,4018180,6.8485194817881565
901700,4177156,8.21892434566129
902210,309421,7.954373612284544
905671,402609,6.459477133616332
905741,5630,7.2600588419344865
907360,857579,6.597151170682703
907460,305222,8.77319338012515
911691,3989056,7.987041831836633
913070,3905386,6.152487061355556
914150,3006487,8.758829708042445
914941,886105,7.602921072344982
915050,465224,8.40256870134334
915351,314415,8.766366143952103
916900,2372666,7.7919205480316736
917090,1056685,7.83887755496095
920580,2550055,7.525167842142012
924361,2248270,7.647904125885058
924970,447400,8.183815825847104
925151,2301271,7.488441450199144
927241,801289,8.353332413544436
928371,564064,5.871730073162795
930081,2474458,7.066157186791575
930101,4420918,7.994141843972343
933211,2337097,7.906634026248408
933500,2274542,7.402287676058795
933791,4770895,8.06234329673802
933820,3913870,8.507593719226168
934820,2486212,6.513647563373268
935880,2229477,8.002682208844803
937040,572963,7.623199824001677
937450,699036,8.6511351845693
938690,305151,7.8338799592431885
940701,2180196,7.796045928444528
940830,1266051,7.9740339292219025
943181,2144938,7.116813992605741
943660,2476507,7.520708322711953
945941,3773965,7.845697115249951
946170,4018180,6.334537970310875
947630,2463604,8.182894373216715
947861,426367,7.848185156232734
948371,2752472,6.869485693245143
948430,2102504,7.981470434325012
949170,2160485,7.529745547701101
949950,1361273,7.949393365030186
951400,1670003,4.893314460431631
954051,2425171,7.408703889231953
957940,1309614,7.730514425590699
961890,449381,4.839974870957482
962940,2534924,7.759394596252231
963341,2534924,7.900324246254607
963970,1753357,7.278375417477047
964111,722868,8.353729340898248
965600,234493,5.102695657159683
967050,2423307,7.835580568077852
967381,310624,7.850605385775706
968211,396779,6.445285063056438
968581,1928144,7.756302150725091
968730,319756,7.982808966989021
968890,2342927,6.951530888995806
970980,2317712,8.189691236937293
971561,200487,8.020206070557071
972600,2770246,7.981282460646045
973310,2407015,7.7297095870351
973721,2439484,8.233785190013087
974951,3182068,7.508938475234645
977951,31099,6.215610833815724
979461,433404,7.982406508505223
981460,380428,8.091440389132224
982680,2133453,7.499309311068418
983410,3174526,8.511664964848334
983530,282916,5.762096944516035
984360,648708,6.193702288813371
984381,281919,7.728048082462079
985070,2167310,7.809793349996975
985370,1770494,8.222037711390513
986460,5168293,8.589873838090451
987321,310397,7.703239170379704
988391,4233082,8.097723297021734
988921,4149298,8.80897552637974
989920,1336574,7.496631428159075
989980,484495,7.940595642276052
990931,3843706,7.189124585018765
991141,588599,7.268058103642443
992020,2551767,7.841928878401685
992240,1556180,8.780045885729434
992420,4233130,8.438326151256069
993960,2301271,7.875725135633726
994150,500241,7.188211103263477
995000,2430664,7.958675261632363
995151,3848248,8.380400291233132
995251,2470125,7.850129360851534
995361,1703909,7.601017976084478
995651,2348040,8.620875867284475
996391,4000258,7.558682251580551
997340,525338,8.48650873578145
999171,3113920,8.173659895528054
999720,4783621,8.30619219092474
1000230,327614,6.7607389132797975
1000360,662256,8.14862603553304
1001671,3741781,8.230669114313148
1005021,620289,7.981169427864029
1005571,5917402,7.9459465657706465
1005681,1227904,8.045921681332317
1009840,33078,6.922963750774817
1010030,2374653,4.551523256271568
1011381,324395,7.054503531306256
1011611,306399,7.273481377901029
1011810,324966,4.546467910287188
1012170,3996787,7.084109500959891
1014301,2390160,7.8110475011766045
1014420,2473078,8.592883968670675
1015811,1280001,4.561258315082154
1017531,3113920,8.560457688250679
1018520,2373399,8.37520439742777
1019161,451550,8.367155012747878
1023461,2325940,5.773513383532374
1024460,3593485,7.9616935939915825
1025461,25357,7.580480833937051
1027180,2753592,7.705036382278221
1027971,862842,8.105062812292
1028271,1301404,4.4840626291840975
1028661,2420390,8.639963718937013
1029071,3442984,7.528203980650022
1030971,2141951,7.897752946245616
1031091,1923818,7.94117555172005
1031171,2341532,7.580382496071817
1031881,563371,7.388711819864249
1032200,310604,8.512591449241752
1032691,1118435,8.094985296716926
1032841,3001768,7.101897592336971
1032901,3174526,7.722975156225331
1033460,2321956,8.540526948014126
1033531,2598359,8.670441920173573
1033630,1856623,7.141739470315163
1034341,1303351,7.748587827029262
1035510,2353702,4.576269722585246
1038241,217687,7.794155697243244
1039051,2603159,8.27614813669728
1040561,431399,7.002181748969055
1040660,1222953,8.458937738493448
1044831,504193,8.127338751721336
1050920,2463176,8.301296469542272
1054781,2427616,7.182659284429905
1055350,1462245,7.828412701143616
1057790,3776917,8.008276380761831
1057960,372749,7.856773037876476
1058880,1281959,8.185529067968577
1060421,2186796,4.140635207284168
1061050,3834925,7.4769422414381985
1063211,305851,6.443206080758141
1063601,693962,7.739073892892745
1063760,2251427,7.740481863581964
1064071,610015,4.708861445870803
1068081,1724836,7.729448510898155
1070571,1593466,8.500236809500471
1073851,3920092,8.83025254458188
1075671,4755325,8.712428887443629
1076141,1382966,7.08567602037196
1076530,498997,3.763241195309056
1080820,2303346,7.900410505089252
1080981,1379172,7.945902634433502
1081941,2694951,8.136657188374137
1083040,1098150,7.483504564725879
1085330,2240355,4.5062889648158695
1093451,2311691,8.522037014868138
1095490,2288708,7.656606255792586
1096960,2406619,8.366572322670944
1097510,388401,7.6700349606972
1100610,2214308,8.454462325485546
1104931,2537878,8.633385298177968
1107300,436461,7.633930815183177
1109290,316533,7.234835925931372
1113380,672664,8.646061837298177
1115050,2177258,8.786871489410531
1116241,476688,8.431456204455225
1118140,3262102,8.135635276064143
1118401,5000191,7.003786711445731
1118461,2575827,7.225714999237474
1121461,3011713,6.781031262578052
1125980,219684,7.528534446470463
1128941,2694951,8.022541684029136
1129990,312223,7.659466056653968
1131460,2548408,7.6573346272655956
1132140,113462,8.821867211357228
1134671,450096,7.995319377326437
1135931,2205227,7.868971013854454
1137901,4421068,8.83326068995425
1138710,2192677,7.368593501114615
1139580,572338,5.638432729705452
1140201,614887,7.593755651755908
1140211,2234008,7.196884700844703
1141040,1799746,8.004836920958509
1144631,272375,8.089734129940755
1146140,3605146,8.740670384219799
1146281,556509,7.852775196184875
1146961,3723772,8.00738767733644
1147510,191793,5.316666452075561
1148181,311412,8.037347934512457
1149980,17686,7.058445184267429
1150001,1208914,7.1745286264818
1152440,1928144,7.022970248488789
1154321,2459218,8.562359835311263
1155670,178836,6.512197212200086
1155691,5135062,7.666523739553717
1155730,2220416,8.344688297646648
1155841,2575859,6.072869416526626
1155950,1796985,7.911308999374563
1156160,424233,7.808321006799308
1156470,3901693,8.684985297296656
1157141,1363237,6.825281241052321
1157810,215689,5.501786297273128
1158501,2463719,8.095717088173258
1159090,2243421,8.80804270109782
1159131,2591961,7.42973111494443
1159930,445334,7.295828565700256
1160161,689461,8.506568934913004
1160891,1306528,8.215374082175757
1162481,975284,7.525173093396453
1162851,2221524,5.826350917687322
1163201,2970109,6.408228923363514
1163691,220841,7.442480916438421
1163761,876143,7.827771782363406
1164140,312223,6.820909322348109
1164521,2287087,6.554472274356416
1167181,2236294,8.16490419761872
1168320,30117,7.063630145323866
1170300,2591631,8.022072252248448
1170410,2195097,5.606461298662203
1170750,1766131,8.402966764340956
1171040,1593466,7.7252299947628895
1173301,2592020,8.268134019515909
1173360,327556,7.743551589325042
1174330,3758968,8.819754515493342
1178630,718924,7.383823410499104
1179251,2226617,4.378071239949014
1179571,1813651,8.489329053521983
1179601,3956962,8.024511806330194
1180470,2200455,7.742716718640415
1180530,8467358,7.318157077446582
1182391,2452376,8.841698261473924
1182601,625273,6.543019470894039
1183070,556903,8.46998919041143
1184411,3776947,8.745805880153787
1185510,2248720,8.066408407437295
1185671,2587281,7.949246815991673
1186400,2460379,7.123801631280583
1187571,4199350,7.219350752587358
1187620,6555745,7.99203989261128
1187630,2390855,7.6624714715894156
1190440,29649,8.009818115691568
1190761,33981,4.500853584778023
1190890,5992732,8.802203734900512
1192120,2348137,8.541643972878976
1194920,748998,8.8812243650453
1195590,466560,7.552418899584783
1196551,2575859,7.65004043039346
1196710,625277,6.439566034875965
1196951,3713641,7.344003011601275
1198441,2574955,8.437479928222121
1200741,2575455,7.252052167854566
1201800,281659,3.752087034862778
1202631,387779,7.866284647181637
1207111,2209477,7.556266422792467
1207310,1957553,8.364129382548857
1209840,1730176,7.489395447768705
1210461,2149094,7.932262330830642
1212391,2335521,7.280046025997117
1213321,1785776,6.609228187323344
1213490,1759372,7.76793321189602
1214591,3912373,8.014366432248185
1214811,4210483,7.328995463694963
1215181,3796639,7.833032095592536
1216370,983043,7.9650266330547685
1217090,1224463,7.830879953278026
1218610,5081857,7.666523739553717
1222301,1098150,7.772361333139348
1223530,2259490,8.602205683490634
1223981,473924,8.174312808626976
1225881,2608564,7.697945732500664
1227581,840500,7.87313828709231
1230391,2214305,7.951483735115996
1233631,235965,8.500003865944075
1235511,665181,8.142759097925342
1239211,1000901,6.45591176600959
1240041,1298393,7.621029342833037
1241760,4560877,7.725068479095421
1244101,2195786,8.442271366389669
1245721,4734631,6.567075418096857
1247220,327248,7.944985566449565
1248770,2461005,7.07649775417617
1250291,1960625,8.039031153840584
1251181,531276,8.002583979000436
1251800,3011713,7.974613168476031
1252051,2106821,7.791230039301647
1252360,2476128,7.39423566966157
1252671,543992,6.264533368069485
1252751,1947821,7.648878326672817
1254890,2295644,7.619310487333374
1257011,1138929,8.590505427192356
1260621,1251577,7.191837550625695
1261590,313514,7.117389779152196
1262381,506211,7.411319988002363
1263631,2577789,5.908270172265593
1264360,1296115,7.66160863754195
1264561,4618810,7.479072878637141
1264600,4300666,8.382314941868886
1265410,2531639,8.304673826383624
1265770,3109825,8.367786233613531
1268011,128769,7.775857131842685
1271450,891921,8.500361577610043
1273211,2595339,7.928380865314081
1273760,2146606,7.324654451844321
1274750,2527562,7.707016812504322
1274810,492070,3.759044034247257
1275850,2251423,8.566771142339226
1275871,198007,8.795608147446124
1276181,5273482,7.08567602037196
1276770,2101235,7.299147951294747
1280891,4096822,8.36291054063016
1283621,2351675,6.995654945674
1285531,2260524,8.002820682602247
1288051,326664,8.014202834487651
1290401,221656,8.053279974885188
1291861,4292860,7.172865648405631
1292020,2980093,8.545744548400144
1292811,232739,7.5151801463549734
1293251,484472,8.696823617571722
1294111,445922,7.8904591056140525
1295941,2209477,6.081445005335174
1297850,215815,8.272567033923771
1299441,188566,8.749225404981093
1299500,102678,7.61430500248206
1299730,2425766,8.862847039656254
1300040,877888,8.126313736250706
1300051,1739614,7.46058107515369
1300360,1817498,6.710835366276584
1302971,854313,7.7217897990224
1303291,858245,7.228110788383262
1305741,1119822,4.321454630679188
1307320,6346183,7.7175295852920724
1307891,312069,7.080079888571101
1309291,2571359,7.221842967252444
1309461,1454145,7.146466976238063
1309671,20,6.864896141431871
1309711,4210483,7.620890409234434
1310160,2251382,8.124874401702593
1310910,492609,7.9689672228589705
1312831,971053,7.410896989734602
1313000,4419994,7.778057640238151
1313520,2534924,7.994733461238523
1314121,2057758,8.073158474428299
1315860,4032,7.341355776967559
1317021,2551767,8.169820983779575
1317200,448008,7.323821083062807
1317621,327451,6.942849516609481
1322540,1889060,6.797729753839804
1323321,18628,8.540612317154702
1325220,4712302,7.784934418095359
1325591,1808250,8.347868330590991
1325780,2856193,7.613658848210583
1326331,4583689,6.7969105994220795
1330390,219553,7.737469687421775
1331120,625734,7.317341100270427
1331750,619398,7.732910827220679
1332500,2886694,8.750778147909584
1332771,219168,7.2689665001548205
1333630,5061274,7.856156341901449
1336590,687266,7.725687311733102
1337641,1679042,7.80742445949142
1337990,3959158,8.364145908641714
1338141,885900,7.154220049999367
1339420,2133453,4.951447494007664
1341161,2444717,7.923529235230517
1343881,1214445,8.218736972853412
1344480,5014516,7.769519736030989
1347441,3756355,8.167668412330773
1347671,2327549,8.276110559049135
1348250,1035814,7.999948704093644
1348580,464417,7.3602081569828295
1349220,6841975,7.29846994474777
1349531,6259327,8.872887822565694
1352990,5077927,6.247051306435155
1353860,3026,7.898747551486876
1358751,2369247,7.800219955198742
1360981,420807,7.491047611814028
1362241,498948,8.232411059086093
1362450,486698,5.0855666593762825
1364071,3713917,6.145855878674834
1364570,1351759,8.59297803289323
1364741,2482461,7.908969568329677
1367271,186343,7.658390321201452
1367631,4197580,8.004583922965125
1369131,196603,6.405945576733172
1369150,986032,8.418107281516644
1369451,2236451,8.727987586185744
1369500,4421071,7.611152534353281
1371571,450195,8.396509261924578
1373260,2542794,6.918146025066237
1375761,2452390,7.799841056587152
1376501,5076685,7.263667067574555
1376970,1649658,7.2147758217760805
1378351,2573241,7.922254131085112
1379311,1198693,8.011918347907699
1379331,681470,7.936113837061784
1379820,106874,6.828833860984918
1381710,2290118,7.6039943114218165
1382350,2587700,6.681756904506817
1382470,508630,6.078894316640502
1382510,32520,7.079606713272186
1382630,4563736,7.286850982031528
1383090,433704,6.318475037246183
1383681,317,8.602795624619445
1385271,2936857,8.358495093498252
1385881,848253,8.651693443115771
1389220,264319,7.295633579732716
1390490,2404810,8.825875597651105
1390571,2236358,8.208234916170436
1390860,2437237,7.671511873664328
1392700,4801726,7.679061688060143
1392801,2351675,7.704975460625806
1394150,2309327,7.465448716602408
1394761,2546313,7.813732371908387
1394890,2104285,8.375448489136588
1395251,4255930,7.635125532865268
1396491,2334937,8.698097648589158
1398060,2311845,7.5004106595726165
1398300,2214811,6.686277619479088
1400371,2364500,7.652856240938034
1401100,786350,6.891558525571268
1401121,145975,8.143065691821354
1401661,2157823,7.392359262412321
1401711,478660,8.274351674828925
1403360,2216349,6.618915696531986
1403880,1121649,8.331475399689825
1404231,2391259,7.8199957094695645
1404340,454352,7.836705566345262
1404440,2467065,7.3935439483704135
1405141,224489,7.2793254162551815
1405220,2209477,8.061956435352144
1405421,4760008,8.381303096812747
1405431,2460999,8.26702627484736
1405610,476845,4.957609818062803
1405790,5123986,7.80453800083761
1407560,2186305,8.048080992195935
1409571,2371625,8.429509534507355
1409921,321157,7.938213137952666
1410061,2598546,8.576868719138918
1413000,380428,8.343699022154834
1413740,2303477,8.07518194940513
1414981,3954634,8.545088278468263
1415981,463181,8.145976476795465
1416990,4678459,7.938926760771759
1417211,2354461,7.368716354913127
1417341,2539322,8.335089731666308
1417360,2311921,6.769897012717363
1417651,309706,8.281696204996988
1417921,1016104,7.718041155276928
1418051,2433623,7.809196220932703
1418730,431507,8.427187855447942
1421051,1135392,8.77785651911168
1421340,2855884,7.810050394372915
1422000,3534874,8.606582962363577
1423311,2587281,7.966437006113566
1424420,2695924,7.012213153451782
1424641,2309527,7.646336216917072
1424670,1296115,7.975723702882348
1426600,299314,7.3815154550874675
1427121,4301413,7.080079888571101
1429970,1285422,8.79101009244503
1430660,2261392,8.153310054359276
1431260,3790435,7.59096410025159
1431341,1609097,8.503478407752658
1431371,2388500,8.473371986775467
1432000,4183999,7.799088195178773
1433200,2213967,8.11591358125754
1433441,2543486,7.987865539267761
1433460,483655,8.044520484623678
1433790,1249436,8.023859910512018
1434091,3774040,8.6648565561795
1436830,2053462,7.145859971581609
1437721,317097,6.463998266197893
1437811,2540493,7.319666446499236
1437820,3061525,8.04582325068984
1437880,4637704,7.668880044903621
1439711,439932,8.3597420057326
1440250,1796985,7.808443138455914
1440310,3262102,8.582252164727812
1441160,1717037,7.394781927147404
1441230,2390160,7.437278273604259
1441661,696139,7.668880044903621
1441730,2604995,7.408985398712298
1443380,2551240,8.20396108856284
1445290,2092314,7.232859982184018
1446781,1362837,5.924046265579735
1447151,1318253,7.21528397955868
1448061,1296116,7.136382716937442
1448111,545762,6.706274961980103
1448391,1679042,7.513085632410886
1448400,3881791,7.355392729536034
1448410,2029701,7.668880044903621
1449110,3847987,7.906186988360617
1449130,1731131,7.703834336723599
1449261,2573197,8.126868771720567
1453551,1376069,7.444322395583751
1454440,1240867,7.892630128318862
1455220,4614520,7.668880044903621
1457031,931342,7.133091368116716
1457210,632089,8.120488613103916
1457671,2356546,6.223455167748023
1462020,2092282,7.835368418351902
1464240,840500,7.926685077642712
1464490,444586,7.423625934114097
1464711,286907,8.417848307611873
1466361,496089,6.73715908428709
1467300,2291653,7.909135016447512
1467360,166897,6.606548644213805
1468191,1360858,8.010626007901152
1468701,4580896,8.374445112175856
1468930,437626,7.986240330541592
1469540,503972,7.15321594006416
1470600,1332296,8.604561988840539
1470720,2333000,7.959876987767692
1470991,2466110,8.747637423315918
1471970,1918727,7.930741106863874
1471981,2368558,7.424802660967582
1472060,4273081,7.857751496673969
1472460,2145027,7.881952816830102
1474061,313148,8.202933742762431
1474801,1093633,7.837201498063186
1474981,2518267,7.874833351372582
1475901,2372666,7.7752094204775775
1476930,454352,7.1859359828867175
1477180,529,8.446939549835617
1477211,2231328,7.518312646692274
1479041,438402,7.770464946530933
1479251,100691,7.739149268478234
1479380,2249514,7.9996890870382025
1480231,5264873,6.857561828973983
1482680,1079,8.165621574249304
1482690,36960,8.602324234397791
1484461,4664971,7.796159134199876
1484781,554183,4.7138283027059416
1484841,2215245,6.587688764717513
1485391,305936,7.533585131306589
1486071,1382181,7.992876018069005
1488320,119518,7.652834590753731
1488600,2553404,8.145218032120827
1489361,3893602,8.878812175699256
1489670,6609733,7.19575957472702
1489861,1360858,7.890802327091753
1489981,971769,4.582711617341924
1490940,33078,4.5159318976030995
1491431,235066,7.711673455510874
1491711,632207,4.460364066510354
1492231,2180196,8.058501803311124
1492650,428685,8.168215228013418
1493080,1169490,6.027390838589687
1493190,5233591,8.377804794486492
1493771,2324419,7.945707916078673
1494260,482423,6.259968753735951
1494950,2368666,8.21355016564586
1495350,2274542,7.651026590305672
1495721,2579670,8.046496349295078
1496471,2372666,8.055912974102347
1496881,554261,8.50544470189539
1497101,248926,8.353049859936846
1497630,2299015,8.10467741566613
1497671,2878405,7.134727433565648
1498010,431508,7.411992683776732
1498091,2357393,7.2222822758225185
1499391,397752,7.610526620458252
1500380,25357,7.509178187803763
1500581,2219783,8.228362117237767
1501960,573120,8.561702158019717
1503951,822326,8.172408006805085
1505120,5267215,7.678058311099411
1505980,2438727,8.804239609858106
1506831,251144,8.603476061981768
1507420,811226,8.162257648403342
1507520,2290898,8.500841381286067
1507720,2429844,8.397700770783675
1507721,2897932,6.279225163418567
1507741,2548176,7.824901200131018
1508830,1345195,8.37633407605342
1509240,2524799,8.36417375436482
1509741,4310110,8.21914016564165
1513781,4563736,8.245279794127981
1515090,1035814,8.48398607788048
1515541,2291664,7.7716811718464145
1515630,519201,3.7625306600863047
1515711,853529,7.1522419744214565
1517321,2285402,8.126094796189843
1517420,504193,7.5936252922519065
1517681,1118435,7.516099105353832
1518311,460986,6.090559304495175
1519820,2878915,7.558841609293348
1520570,2524593,7.778589298068944
1520791,2462632,7.629073454302537
1521081,4783177,7.681417993410047
1521251,2470824,8.240124573726359
1522420,1814735,7.989621891157085
1525411,1802662,8.180030167881261
1527060,4421068,8.835683338423348
1527730,4851751,8.163414536414402
1528030,3465547,8.832116524371619
1530070,8369,7.582585234865574
1531440,1930121,8.221430627336067
1533610,5012920,7.95005865509431
1535390,2349719,8.092050603836139
1536321,4096096,7.984900801868176
1536520,2537878,8.368586227795854
1537471,2370751,8.6223505552531
1538311,316274,7.942485271281254
1538650,3917047,8.041122042211962
1539150,2254913,8.050583085702867
1539881,2225251,7.952933432640031
1540201,451874,8.373383292823597
1541801,455217,6.153467461571835
1542771,4771741,8.01991651510626
1543281,2576915,8.330551402727123
1548481,1208914,7.902500205299137
1549340,4393012,7.673039227741472
1550591,1354963,8.874406703371701
1552271,2333366,6.57204073943035
1553480,4629616,7.958754991054425
1554990,30117,7.727054447320137
1557120,2524799,8.525784010675816
1557921,1804972,8.740670384219799
1560980,2311691,8.59580551695918
1563050,1796985,8.51320845882221
1563751,660725,7.795762105015284
1563931,2595425,7.0890357026825965
1564120,2649388,7.916652092503242
1564181,2353024,3.7392647275540885
1566240,389215,6.109769419791143
1566550,443466,7.8864757097095755
1567150,2229477,8.363088432971221
1568240,4575052,6.877924194493147
1571630,4298218,7.668880044903621
1572411,486700,8.342490447828474
1584951,1957882,8.171845909256824
1587291,2359505,7.545778174698486
1588500,308364,8.472624511526647
1588890,2375018,8.013920058989287
1589550,445922,7.989178400041765
1594840,2365720,7.825857328732494
1594941,4173142,8.587708329385109
1595450,1726761,7.975637239708884
1595790,2854876,8.50927843876774
1595990,170727,8.180201543188087
1596501,443493,8.125341192490945
1596710,822326,8.55038977598437
1598070,4421068,8.82827462268893
1598890,2102504,8.502968372635328
1600751,6892,7.856281485551122
1601470,661824,7.3180876846187655
1601810,318745,8.722631801485948
1602451,1918727,7.549443771916969
1604570,541088,6.853979694579053
1604710,3116707,8.749686706636675
1605811,2610042,8.271023632765164
1605910,2926774,8.868546230485352
1607631,521290,8.199849082505809
1608721,1097751,7.809049951099575
1610351,4812754,7.56684159937702
1610701,6053000,8.77281307032196
1612551,692537,7.541235801480608
1613280,2146606,7.852473299537562
1614061,431628,6.823462152329357
1619631,887229,7.376408722207264
1619800,2424257,7.569400252268342
1620260,557670,7.999966541561252
1620801,2189592,6.250543658382939
1622980,3419017,6.546684666486561
1623800,2587281,8.136650026902572
1623830,2288570,8.229350722286123
1625550,1122175,5.104156995328113
1625810,4943719,7.623218105720079
1625900,2215214,8.181538738905683
1626450,28302,7.683908842739407
1630370,4005907,8.021388961301788
1630920,215689,8.017010946106788
1632391,3307186,7.81032687969778
1632980,3959167,7.199801649375552
1633870,4411279,7.66847948598287
1633891,1382207,7.961074096562646
1635270,2453142,8.042948360383239
1637121,1083882,7.3603643499617375
1637480,3956962,7.273628169499136
1637661,2199464,7.965931742366728
1638111,617505,7.577387649067138
1638360,3706999,8.22494751959726
1639100,2666484,7.745168135389943
1639691,2730494,8.236221531110935
1640210,2599190,8.403331533860177
1640501,2537878,8.229745640658438
1642210,668088,8.77485582283576
1643330,2575023,7.212192178898175
1643890,168799,8.356330683653814
1645400,16205,8.233785569804022
1646200,558522,8.377804794486492
1648770,4393285,7.393386301633442
1651460,1229470,7.77142978921793
1651810,473707,8.611167924461709
1652441,2317643,6.891748660673068
1653110,2548806,7.951056868529583
1658041,410990,7.9397878139186675
1663530,478706,4.511829479723864
1666840,2603872,7.974885259813622
1666921,842833,6.773636773566341
1668090,2289515,4.556907229410381
1668121,891910,7.753125419856277
1668440,2470824,8.610761915191862
1669720,4676179,8.569734988368262
1671030,1947821,7.698062038497284
1671091,387779,7.559631415296607
1671280,982766,8.219477725901752
1672401,8467358,7.309460451126027
1672711,4137295,8.124972694734389
1672721,462830,8.075566093350444
1676060,4177156,8.56335054425565
1676301,24722,8.088943947780475
1677560,303969,7.603455764443147
1679250,4370617,7.670376109035111
1679311,2366597,7.528645627354551
1679760,4606522,8.031204469501452
1679811,104220,8.271785558590599
1680741,2599190,8.26480974969385
1681540,2599840,8.372500689418546
1682320,468389,7.925963923141867
1683161,3778957,8.58115810617542
1683331,2381753,8.286842531416987
1683601,2207401,7.660937436509905
1683901,531784,8.120405547712457
1683980,478202,6.451349929590576
1685081,238458,7.677558282114766
1685460,30117,8.286390491233446
1688860,1306020,7.589294555567045
1691231,2407015,6.780390257427959
1692390,492982,7.865754320304358
1692400,5321542,8.72995474831738
1694281,476483,7.231450809310015
1695150,660725,7.408316913595128
1696470,2141951,7.89731463041505
1697150,2062582,8.236221531110935
1697421,2477640,7.468178299686971
1699991,251193,8.011917134499727
1700130,4632535,8.238901403304586
1702230,4819381,8.378507448062676
1702260,2592379,6.0045312447757135
1702730,619503,8.742925467400465
1703280,2297476,7.747039765558318
1703590,4621582,8.370807518901179
1704110,4421068,8.800277807320544
1704291,1035814,7.608572415933705
1704610,4673368,6.341107718295559
1705741,1285658,7.203066015305659
1708930,480807,8.886373504369903
1709670,463181,8.065399122995835
1711960,463181,8.561896585478744
1712810,566074,7.886646693096003
1714200,5052328,5.779109515333234
1720721,4127047,8.661132575622482
1724731,554261,8.246634955037335
1727871,3720946,7.695764585381506
1728351,2186189,8.553939289489868
1729081,4583518,7.841172857310013
1729311,2550423,8.037895235610284
1730220,2459173,7.646537264997082
1730730,2371625,7.643823280903935
1731890,572338,7.441798893903559
1733851,2530551,7.906794794264229
1735911,5061001,7.672531753947172
1737920,436798,7.203249885981179
1738921,100089,8.777654288815475
1739161,4173142,8.563043392606875
1739701,2406341,4.58295007764695
1740860,437626,7.508406593377845
1742070,4268824,8.856997169874417
1742101,3113920,8.42261725277073
1742301,852019,8.039210408670867
1742610,4391701,7.987997033250736
1743980,1316976,6.436828127425914
1744270,460770,7.913247088642104
1744680,2371625,7.620100364082148
1745061,6104125,8.711800263797977
1745691,3955375,8.009728781533804
1764401,715,7.012209534517062
1766010,2430664,8.259606327992325
1766441,1764306,7.793877277554044
1773021,2079249,8.611406513628843
1773630,2604418,8.37987499542806
1775240,522421,8.620659443370107
1780840,2538391,7.805533692030012
1781760,119467,8.156945553728324
1783220,4697119,8.3689948442953
1785281,3219967,7.985410985301268
1786240,4300480,7.6573992440254175
1787310,2454799,7.731076493488876
1787851,3264577,7.985453233896545
1788031,2939986,8.043800451528897
1790071,2078097,6.972634042839755
1794801,2608413,7.891621954690378
1799501,5146501,7.81808232050532
1800680,3876811,8.381867130373312
1803311,3534874,8.606582962363577
1807100,3269230,7.923960544414173
1807541,443298,7.636411727579067
1808291,10890,7.508663149736589
1808750,1905091,7.933587250996699
1809041,1779866,8.144574396286432
1813590,722880,7.835685631257585
1813990,538999,7.576115959584957
1822541,2993401,7.432108030937831
1828061,2217721,7.838318525099842
1828381,2062812,6.95360843164294
1831800,2146186,8.131848356123033
1832740,2436166,8.026804146301238
1832800,2424823,7.790760112447738
1832881,2388495,7.498773189189115
1833511,5043550,7.675208237541275
1833561,459327,8.368675401440667
1833950,4634107,7.1067302634764085
1834820,2212806,7.987153351562394
1834950,2878855,8.462154209513582
1835040,2577789,8.235551890184867
1835081,4300462,8.802203734900512
1835280,2855431,8.387158338530057
1835500,2808394,7.506117752264576
1836360,2146186,8.301313923915519
1837101,1918727,6.532990177689878
1837370,5108425,7.687832416108554
1837871,2170994,6.22059933594836
1839580,1892427,7.631569999782769
1839640,3469789,7.672531753947172
1840301,3113920,8.426679927707966
1840661,4902,8.52766123583869
1841631,428685,8.281401958788669
1842161,540323,5.58144720226383
1842261,2242013,7.894591409575455
1842701,822326,6.839713754495869
1844140,971769,7.88356391531603
1844550,2055085,7.076662837380673
1844981,440003,8.798814764130197
1845130,190723,5.612856776322709
2297510,5685325,4.373506189984924
2297670,313569,8.326571635676483
2312641,562913,8.005978499412393
2316121,2277143,7.865710716628632
2316560,2259490,7.998280567380398
2319700,1281171,8.235153460472043
2321951,2356900,7.910869103546712
2323781,188566,8.750124498068345
2329461,822326,8.28447990962076
2331600,1732057,8.23744685342304
2342490,984430,8.833056974521082
2344781,3767812,6.592693379091466
2344981,4257349,8.883101640073013
2351301,2449000,8.885970017122439
2353921,8336450,7.854051546672437
2354790,4640554,7.933357562112352
2358260,1794170,7.9463800380606155
2359080,4802188,7.797001809320599
2361710,2573241,8.198438737450923
2363550,2238862,8.733874276338229
2367140,4686937,6.31856867609888
2367290,5454583,6.1250092949404635
2369101,4191457,6.153525651778884
2373091,2145440,8.766825815088744
2377721,2429933,7.803195084233717
2381160,1281273,7.635221625681575
2384781,190497,7.8975859383517175
2385901,102657,7.59409382812498
2389981,2607560,8.050008976049769
2395180,4558900,6.365607872038262
2396120,2244797,8.091916638385651
2396981,549865,6.506875663198609
2401601,223969,8.236600693012344
2402000,2599190,8.610492519264465
2403241,3770299,8.229383475079564
2407900,3837547,7.861009409658356
2410610,445171,8.560181629916185
2412711,709925,7.920627082775692
2423930,253884,7.563343753703994
2429331,2339675,8.221983494040936
2430830,434711,8.554702648609377
2434491,2550124,8.415390193922905
2441870,10480,8.191986882011138
2443970,4025416,7.859578103824677
2444810,1785306,8.22494751959726
2449291,1931718,8.030396459273593
2453980,15426,8.39897056145722
2457480,4829983,7.672531753947172
2458231,2588406,7.624323136617595
2462170,2300795,7.221081059247644
2467790,5841793,5.779386050500013
2468960,2563979,7.906838550583467
2471630,5223811,7.960124028058442
2475591,2897803,8.489338863072994
2480520,2989900,8.807651919161716
2487621,4370920,8.220658055223502
2494870,215689,7.9743573130556165
2506331,716862,6.336798644584671
2507521,2165412,8.802675705185154
2510851,4851130,7.99416547670969
2510891,2374653,7.474518972123743
2511360,1377706,8.631771335967477
2515891,2614362,8.514343657683138
2515990,2016030,7.497635501887275
2520320,100416,8.093217761187077
2523450,4558900,8.375751395358444
2524790,247954,8.328430193410176
2531971,2241332,5.576277358178645
2538780,4673368,7.6471248009843675
2541290,2759493,7.406421889015152
2544510,3458797,6.817657167238443
2547981,2521532,7.894699517939948
2549151,4421068,8.851501033730532
2550671,186343,7.196473224848187
2551380,4383058,7.8113633056240905
2563381,2145341,8.333394299216103
2564160,2452390,8.3573091011739
2565181,4283155,7.471785533646137
2567091,438876,8.481844339624006
2569491,1202451,8.472716069617904
2570321,4399399,7.680167999298813
2574130,2248280,7.805690268788939
2575901,873122,7.600436110133539
2579460,541289,7.460795168937458
2584661,320609,7.286053511046078
2584960,2542169,8.356180366217282
2586671,2572468,7.856928971063185
2591021,5428,7.650270249050771
2595031,2341532,8.505012258952302
2595980,5032867,8.409266064995217
2599570,2993401,8.137722082327997
2600451,535707,7.997054320700825
2600511,2186305,8.384223398206986
2601571,4119634,7.848330803657739
2601810,2229477,7.968585218210279
2604521,4044049,7.827635196692032
2604561,3762160,4.140635207284168
2604840,744620,8.827580141617046
2606090,140,7.347997281517169
2606281,2443673,7.99274701524132
2614430,4393492,8.377804794486492
2615591,4886755,8.030267138121623
2619701,19286,8.402282506090234
2621730,2062812,8.121065325218266
2623380,461591,8.306344049148295
2624271,314889,6.2264259853649335
2625031,2524340,8.641105658399503
2626851,2186305,7.416783765992419
2627411,2574481,8.660087898771954
2629600,2209477,7.632173911653747
2630250,2601102,8.370573603724104
2633071,31722,7.424333861337809
2635140,2525992,7.998551016121434
2638440,2591539,8.776753958379945
2642530,2601614,7.939571585083668
2644040,2361922,8.69586060666033
2646251,2351675,8.137038562547792
2648940,1826135,6.506414183064337
2652260,2286863,7.876676521961428
2653311,4380253,6.0332190795692755
2658181,1680892,6.995607501198952
2668291,1117445,8.3573091011739
2668341,536695,7.3440350029887735
2669460,387779,7.962737915817448
2673700,2195039,7.2541422371772315
2674310,166554,7.817742840594313
2675741,2287767,8.449761806886642
2677230,617505,7.974237703936763
2678960,438835,5.313399242133888
2680601,2993452,8.571213454116847
2681021,2476631,8.464726408582358
2681120,494233,8.665641329861932
2684751,1256088,8.207682823477798
2690160,4127287,4.8569752843668095
2690220,1377726,8.11891408622406
2690391,2204362,8.180330278700696
2691220,1747983,7.866008945656993
2692230,24638,6.8373866323965995
2694141,652226,6.03977557488842
2697681,118811,7.501619614093754
2697950,2540482,8.099441062698801
2714980,1670299,7.614791360475999
2789110,1751998,7.403736843123103
2793641,464939,7.999801010232668
2795161,4368337,7.987572621037608
2811810,2473078,8.604369421025133
2834851,1720918,8.538612356520042
2838640,2912107,7.857088317370879
2842290,2537878,8.598402773732614
2843490,2372196,8.591151890259543
2847501,1751449,5.0989563144192624
2847821,3068173,6.142032096741471
2851711,2369247,7.902020366172443
2855940,4400638,7.993146203849951
2856921,1486410,8.481445926848986
2857910,442320,8.479903683356328
2858141,554183,8.42777725049686
2858581,440702,7.623609011617021
2860560,2592594,8.698015239649807
2862051,449072,8.278222278403335
2863631,2523793,7.261653553930674
2865491,173943,7.761860948983229
2870001,221096,8.087317881583195
2874981,6294862,6.919258761502598
2876021,2042862,8.125115340920294
2877191,2550124,8.278893105409658
2879401,1298393,7.8999810454971495
2880350,3708715,8.380920870186431
2885230,3759658,8.868814469169008
2885370,2427627,8.416288622015745
2886341,588599,7.247588612547812
2886600,303969,7.98789273848195
2886861,2485599,8.511485225703609
2886920,317337,7.366660732520714
2887400,140792,7.083731597614651
2888221,2195789,4.2314758654836115
2889260,5022865,7.681417993410047
2889711,5075125,8.380118149011007
2891660,98184,6.237211663000395
2892070,870679,8.229779648103424
2894640,760478,8.220621085270844
2895381,2249460,7.787939880352567
2896020,632196,7.222614494683646
2896880,3083248,6.865609581699284
2898031,2323741,7.576220477205492
2898051,5220724,8.52963303818863
2898350,5165926,7.987997033250736
2898741,717567,7.630874122193336
2902031,1753284,7.466476897738746
2902341,32118,7.6810783764301895
2911881,7804328,7.7017416200921325
2912011,1462299,7.17784488893349
2916770,477223,8.488573021083791
2920220,4018390,6.769908576546556
2920980,1305985,7.716264237109463
2928050,1292132,8.03725279484742
2929340,2347597,8.37560396947292
2932540,1814735,7.945940527025054
2934380,7804328,8.359319759660156
2934861,2200379,8.364230494943609
2937461,114997,8.37560396947292
2937651,125503,7.364146068942282
2942531,1295449,7.388007731330171
2943480,4771996,8.377804794486492
2946350,120035,7.485280421413687
2960980,1609097,7.044102328931764
2970390,519170,7.679390797632023
2970521,2324419,7.8261801633839605
2972471,1885338,6.149606487271543
2978360,196603,7.963168654639019
2979761,1766548,5.007617132726918
2983020,2537878,8.229745640658438
2984801,1469624,8.602398548963732
2987551,686465,7.618522567421703
2992161,1377726,8.295538115270288
2998500,1977083,6.602283225806717
2998771,546793,8.208261263929671
2999960,466560,7.817231258015511
3002350,1322761,7.966883063994092
3004381,316274,7.668650287050873
3005761,986361,8.399482912214715
3007260,5428,8.104300142628079
3007710,3419017,8.224240189618433
3009511,4308124,8.749686706636675
3009560,4697119,7.677363882453336
3012961,3792088,7.303143938918057
3013001,3229138,7.9436058630719835
3020290,2713522,8.555463846453758
3030851,1681174,8.039826388503151
3039770,4552675,7.672531753947172
3040371,2713522,8.381009143244718
3040470,477223,6.796303260516335
3050831,2142446,7.351829811013293
3054960,2713522,8.059291841612946
3056611,3992401,7.707553583839718
3056640,1952676,8.234417050254367
3056671,2428706,8.285095988476735
3059290,4902,8.081093187840896
3062221,2448386,6.9294934638917125
3065120,420807,7.8522523593733515
3066130,15088,8.150492899757886
3068801,399003,8.129381425261911
3069060,2349042,7.379273425351096
3069070,4611985,8.366290976033342
3071380,2449615,8.483176458006303
3072950,485757,8.520830711280862
3073921,2197478,7.02842020217703
3074761,4044034,8.6250332738947
3079010,4562749,7.767028685658386
3080131,528,7.870548774742323
3084300,200121,8.133248059162174
3087570,3989002,8.00065904644418
3088130,281792,7.747913376570597
3088850,2465183,8.156383035947078
3089611,1960625,8.333371970081101
3094251,317,8.017147856480385
3097081,117529,8.025620818374449
3102090,2483034,7.903372900677994
3102581,2599190,8.068119755901552
3105531,2891776,8.381867130373312
3106311,6155170,8.266310830091594
3106721,1808250,8.303270828096077
3106771,5121154,8.095372614546028
3107130,4539343,7.957810673533927
3107191,1346268,4.951600114522256
3108051,488913,7.595896796282459
3108360,3156268,8.628769852361675
3109541,2159539,8.148561694383423
3109641,2215257,8.007438729737967
3110281,2456216,8.79101009244503
3112481,2601867,7.336426110786156
3114761,223088,8.355696868932835
3115880,553720,7.679038769367952
3117380,2454485,7.60173553770596
3120681,2693031,7.6499677380796145
3120931,1298384,8.10266784685633
3122121,3843706,8.158453948157248
3123121,2855341,6.361004860468733
3124160,319070,7.204863350653845
3125790,2287669,7.434921867848525
3126381,399718,7.860561709176326
3127870,2054930,7.573828703708472
3129491,4596430,7.867134921388119
3130351,1462299,7.878363303988998
3133360,4782202,7.683731347934563
3133391,5135188,8.364962303525294
3134291,2351675,7.5973275173094965
3134540,4195246,7.397768341179283
3136640,2286847,7.230102173754487
3136710,2102504,7.293525575237851
3136930,1799788,7.7104670800374615
3141020,2523793,8.535638549942552
3142450,4021843,7.092151778382535
3143540,2573197,7.844579803614833
3144260,4400638,7.6099353722291285
3147540,128769,7.934093147455297
3150610,452832,8.04603628872
3151090,3736399,7.925922133514107
3151860,2378721,8.8812243650453
3152820,2893579,8.546985360007705
3154960,716862,8.05015810141891
3161031,25296,8.06003650481133
3166190,3733756,8.474694517873045
3167081,361725,7.636566573473062
3168920,173212,7.769381067281836
3170211,2168146,8.200451952299861
3175530,5168293,8.291074447137854
3175571,1350395,8.053349402389198
3175590,4811746,8.377035001867148
3176121,1336574,7.961451565005173
3176440,2287749,7.452369680748435
3178171,2854555,8.838301885931838
3180100,485757,8.525120175654619
3180111,166211,8.538598752941992
3180500,1910003,8.470263902408796
3180740,3004900,6.900614489016284
3181140,4682398,5.887039489074076
3183381,987736,8.01831839840082
3187131,4611985,8.366290976033342
3187900,2525028,7.706305766810092
3187971,1680892,7.265679717778215
3193391,2474870,8.355172802226164
3193751,4300483,6.49518474866446
3194111,685915,8.096879954493872
3194741,3184168,7.064514484202929
3195511,1319281,7.1169151493325655
3196210,3308938,8.04651521426944
3200451,2592020,7.992260625927045
3200491,2390160,7.9081484551469865
3201751,8369,7.843480692682959
3201830,305091,7.487279928349505
3202070,3714493,3.6809397625175007
3202141,2339679,7.919698204974539
3302401,2292918,8.373362452014966
3303550,131985,8.02356822414981
3305791,1593456,7.159490643415153
3307180,1239169,7.813264829679366
3315490,2295424,8.424347240512162
3317131,2918173,7.760731261714419
3321391,700514,6.282883988755543
3324010,2145220,8.509301907501868
3329881,3903655,7.0649967197775005
3330490,1446974,8.291740356533666
3339631,23204,7.502685382535554
3347371,1113599,6.045550830561242
3360301,2254200,7.945252720708069
3360331,4421068,8.848932163945571
3361771,385786,7.966665634637994
3363661,1228057,7.917983494984779
3368881,3758968,8.779285452856293
3374041,3769642,6.203225136826991
3374761,458895,8.842481397616524
3380500,2443673,8.274202225699742
3382231,4421068,8.800277807320544
3382411,104148,7.487984785557006
3384010,2454485,7.440243409340229
3388381,1379194,6.769734812529234
3389641,2609202,8.751582018416903
3394201,2591988,8.397576883167178
3408820,4638511,6.313165936765926
3419380,1852256,8.022126774149267
3421561,2141974,7.858032038710163
3422620,1227979,8.332601029818978
3423121,305876,8.193186354908763
3425281,5094865,6.865267648974245
3440851,2390160,7.59501298504308
3443980,2226662,7.385182619296309
3450910,3989056,7.494668604359667
3454441,1096031,6.290338183240659
3458350,452668,7.037784495226559
3460951,5056381,7.674845108471687
3472930,2350989,8.142385934626217
3474271,2548806,6.905581969534689
3503800,2473996,6.824084865498088
3507820,272375,7.219493455896246
3508750,2854876,8.656019072789071
3509101,2347552,7.909715709511033
3509191,308038,8.241354190188229
3514531,2912968,8.233833759060136
3518650,840112,7.440250793279093
3527350,255922,8.73304945885565
3528481,18628,8.542968622504606
3529810,5077927,7.66489735158794
3540370,166031,8.138245487115901
3540460,1876718,8.545284167391296
3555241,4107142,7.831689307648744
3560581,3852310,6.387669258856926
3562450,1370381,8.00013397865351
3568450,2587700,7.48032224338244
3570991,4784812,7.329962242980069
3571381,4421068,8.763225136664117
3571441,4576630,7.784350528280724
3571870,680470,7.690390319369813
3577540,448765,8.023658708901106
3581920,2334514,5.07416548148933
3582961,321323,7.358008972175333
3583561,4407451,7.2024449891763265
3590641,215689,8.037358129171936
3601231,270680,7.555183618930109
3607411,325507,7.221695379407858
3615370,1230448,8.14198277380636
3616300,2350673,7.269003625768303
3618121,3156262,8.251070484836585
3634300,532060,7.419621988535768
3635401,2444108,8.208903000903334
3636640,998313,8.067526458789775
3640591,4398304,6.1233933518606465
3642760,1121649,8.007523641728836
3644830,180632,7.55930500080483
3646711,1802692,8.673679283739865
3650971,2273687,8.008706891734619
3660130,531550,8.470375769305573
3660160,505886,8.007143153811105
3661201,212216,8.170963585618406
3666310,24722,7.530856426766496
3672490,2808394,7.459929969121675
3676060,2477602,8.035065284879037
3677500,488913,7.605024108674972
3677851,1609097,8.162712070182215
3677860,4640554,7.6089361974667336
3678850,4197451,8.780256225767198
3682591,2291653,7.9034347366173225
3682900,316274,8.291230312616214
3699481,1050740,6.834742579860661
3702211,2575023,8.04458783255552
3704311,584,8.323134724603289
3704491,2240792,8.599277761330233
3710791,1960625,8.01057164779918
3729001,4369537,7.728113191731627
3745471,2236323,7.902241729220535
3753571,126927,8.069801667858822
3757831,1902534,7.965049343810039
3761881,3465649,7.259008239278752
3764461,433856,6.933165302517019
3766540,2357136,7.83129201560548
3771571,4169962,8.374445112175856
3772261,3061525,8.031901350339343
3773071,431152,8.320135691981944
3784681,2578149,7.784065654631606
3787261,3872134,8.222837408212389
3789271,2051720,7.9346729705219134
3794401,5041,7.9450145605657685
3796321,2053444,5.335078895894528
3800350,305413,7.259735700284314
3803971,554261,8.047257961507764
3806041,1549182,7.876349979898773
3812911,4908796,7.768417975495321
3816721,459282,8.573999006224346
3819751,2354756,7.4940954460657165
3825751,5020540,8.366762910111555
3825811,2683142,8.071200472918603
3833041,477537,5.6361848076930015
3833191,550580,7.999709602495895
3834760,5143300,7.928192524073274
3838891,1796985,5.2264153560244795
3839701,4560514,8.37633407605342
3842350,2236358,5.887365932375254
3842590,2348471,8.40220377725881
3843271,1100906,8.48036211997805
3846790,1856383,6.906237290004489
3847120,2358,3.660058558614888
3847921,2429152,8.287126302342413
3848881,459282,8.142630466133658
3849220,446229,8.021792360299527
3850411,2539202,8.432723528681096
3852280,462365,8.440855477176438
3855481,443649,7.240584301492503
3858091,2601614,7.745649436164949
3858190,2589482,7.7277978134158545
3862111,168914,8.575802294603493
3866131,475407,8.836644050584994
3869050,2209477,7.982630002546662
3871861,3756355,7.671919506108978
3875881,563127,7.910838189539902
3878470,4768465,7.4886376279781235
3879061,451748,8.237665759442388
3880300,458214,8.228803581911036
3880630,199268,8.002677904108182
3883780,86,7.234906884282156
3883930,449274,8.04506389694152
3884911,400387,8.544717754491193
3886780,2254567,6.879682959721062
3891481,2371215,8.16838607241243
3893251,1609097,7.777242685048777
3898711,2284142,7.7597475209688795
3900661,2599190,8.610492519264465
3902680,2407015,6.780390257427959
3907441,463181,7.922433956292161
3911290,2474458,8.423157499398473
3912061,3693250,8.265331950268882
3915451,410990,7.785175900739417
3919510,2477640,7.641913945551487
3920170,1834888,8.85436981118742
3920311,2694951,7.760333052449206
3922141,3116707,8.698870251486936
3922270,420807,7.906651290581451
3927331,850609,8.221300683125927
3934270,1653700,7.480578400287461
3936241,2088040,7.396225040197449
3940390,2101235,8.485581805215757
3942100,2871811,7.632011099562588
3943480,308364,8.61782365939014
3944350,296492,8.295118534348235
3955471,233184,7.227507790763169
3962890,507057,6.951187683365587
3983350,459282,8.404496047428678
3984490,12430,4.691383530122626
3987910,99345,7.9625491518639695
3991510,2454485,7.941087567774673
3996820,2614362,8.173577320112694
4000480,465007,7.352949450883462
4006501,4435171,7.5129328539095255
4012831,1947821,7.670891665443496
4013341,320664,8.23025410159818
4014661,2334769,8.150454468373708
4024150,460012,7.760056170990615
4035181,6078246,8.121723035512668
4050091,1941429,8.45123434720849
4050691,2301028,8.55546377150642
4055560,1130783,8.053867604849762
4056700,432773,7.984394142391782
4078030,2599190,8.068119755901552
4078381,1928144,8.037327931839947
4084780,556903,7.666014307564833
4105051,454134,7.762508344398397
4115101,218833,8.197021431539671
4127050,536900,8.42028218017548
4140601,2473276,8.671554197301857
4140871,103821,7.809650135755222
4141480,320664,8.45372620022822
4142281,470346,8.474529158787236
4161121,450195,8.271311059754773
4162051,4393630,7.146401379027487
4163611,2854876,8.534284693117257
4166071,4320190,7.9723247577100445
4209511,2759493,8.380849928390695
4215130,4421068,8.848932163945571
4216051,2450736,6.8444126673478625
4219570,3307186,8.43488539499983
4221481,2485114,8.838437838569858
4229380,4629616,8.048968976152889
4233691,4018180,6.8688622793339364
4236970,962437,7.301839095657457
4245430,2573193,8.381514840197537
4246810,2259919,7.554045853674869
4253380,253112,8.042889716770926
4254211,2309718,7.337607332298328
4268191,2563979,6.61892225077267
4268551,2573241,7.451753971428754
4268770,4149298,8.849309055151625
4271761,1510600,8.808535261873848
4278331,165448,8.011205107995266
4278391,447400,8.133051040069134
4280311,709360,8.20802429854004
4284241,2470824,8.202518665479435
4288090,2298263,8.240782953146816
4289221,212216,7.746420241039667
4292731,2368368,8.00715360274532
4299910,2817520,8.37918610386785
4301551,3248611,8.299366524674543
4310971,2312916,8.593694865090326
4323001,486630,8.275704556857779
4325041,2295755,7.099677578232141
4334830,1836702,8.491992554428625
4336951,2295424,7.7809538235472395
4339750,2064647,6.434227491286634
4355401,4782199,7.929264649482119
4360141,2575351,7.800163711636699
4362070,2193128,7.627531634290372
4370401,434096,7.963106684085221
4372681,25357,7.9759153686887485
4376950,854210,7.377771461507263
4383640,3075385,8.385775061058276
4385551,1902448,8.196720214140592
4391131,4908796,7.672358031269222
4392121,1796985,7.332455731229199
4393621,310397,6.42947376769175
4399300,2541759,7.678624719971897
4403230,2537131,8.272981738545935
4413610,24722,8.054460668747812
4414831,2539268,8.733382585398793
4424200,470603,6.9493910345761645
4427920,3160129,8.809534783108438
4437091,3989056,8.385561856210199
4438300,4399000,7.194883448370817
4441291,2550430,7.848085168856894
4444120,419262,8.39275247712358
4454581,2368325,5.564728937644209
4463281,3113920,7.9045454133610304
4465660,254727,7.273010636078415
4466491,131005,8.438271746457588
4467691,1968254,7.7458755575933855
4468210,454358,5.55768055313374
4474021,1319281,7.185982383656626
4484281,692435,7.92263007849418
4487371,1035814,7.906246051070244
4496551,870594,8.52331507391993
4499701,4421068,8.848932163945571
4499740,2427627,8.138595409440578
4523140,1293198,8.154617809308098
4526860,247330,6.950308448198246
4528621,4019920,7.6741456799786505
4537801,443298,8.000562614668482
4543810,2308812,7.547684017948893
4554961,3994384,8.844384090746972
4556641,324999,7.734658627883807
4570021,2375878,8.029824539879414
4571680,6034,8.490002200268838
4594990,2466103,7.632800917090326
4600180,2737394,6.4871813865441625
4600420,2436166,7.9395621883864615
4600660,2989726,8.040871107297232
4601761,1716312,8.405913129663132
4606720,215689,7.705334419292436
4611910,465150,7.6929042160196435
4615510,2318816,8.333576181304633
4624381,1831338,8.381273244496656
4628590,2379664,7.092158432302616
4629031,446010,8.597392809623146
4641700,867246,7.975970936615498
4643521,2460999,7.179181249625209
4648000,2360253,8.782942671169293
4648120,525259,7.027644455183144
4648630,2131332,7.788866728243818
4649500,2108430,8.47338049569669
4650070,531902,7.064987426808296
4650841,2570731,7.322820786218063
4652140,1325450,8.420019574124499
4657531,480575,7.080149463219721
4658110,2930500,8.412772631885113
4663990,1727705,8.290404839810321
4665430,1332924,7.853511202059415
4671061,4235479,7.330524038831506
4671571,5143300,7.844740742943568
4674700,32181,8.20500633680305
4676080,2370485,6.556385192272856
4678450,3912373,7.4012497683706755
4678780,3270286,8.868814469169008
4679530,2499205,7.080149463219721
4679731,4748464,8.373515330112735
4680391,224489,7.757751641806603
4681900,2883868,8.874406703371701
4681981,2854876,8.656814059483594
4682071,2430403,8.230134212757154
4682440,4813621,8.385921241330024
4683370,2607217,7.785592678619523
4686440,2470824,8.213045083832236
4687060,1093636,8.156472457524421
4687210,4421068,8.873341365031967
4688020,1354670,6.230199746163597
4689280,2485076,7.0837639820705975
4690171,2233630,7.9081484551469865
4690330,1968152,7.839670317843856
4691650,4338379,7.673783591050816
4693501,4798333,7.800163711636699
4694800,2145197,8.075173612235417
4694941,2580021,8.166818602226146
4695001,2599139,7.61855303917035
4696090,1819862,7.9254351880327105
4696891,4807633,8.365635161984663
4698151,1101948,8.484210206762887
4698691,212216,7.978081138723751
4699390,2808394,8.401217717888553
4699960,78643,8.083826349468445
4700050,8369,8.05299523658329
4703110,4268824,8.885970017122439
4703131,722880,8.351937156797304
4703170,399718,7.766759063937927
4704391,574430,8.135275081722991
4708210,2274734,8.052980670667198
4713070,1829987,7.838862428193885
4718521,3174526,7.772286308342932
4719331,1366582,8.564283120065848
4721401,2209477,7.803397154911008
4725961,2759493,8.06705352117008
4730461,1334597,8.820340460333947
4731061,313514,7.6045904511437925
4731550,2573241,8.060722874007174
4731670,1082400,5.781537152500715
4732540,249020,7.948446263953554
4732921,4611985,7.7057059542480735
4734691,464534,8.197188218124182
4739281,2580687,8.44058181832097
4741561,2534942,8.604717406044529
4741960,2576730,7.809650135755222
4742851,1761924,7.42824086483742
4743691,2469397,7.69182632781076
4744471,186343,7.671017867832422
4749160,1105056,5.638625514462746
4749580,1088585,7.284623463450739
4750660,562513,8.652346880611951
4751191,31099,7.968500073662434
4753930,867177,7.763412617563597
4755970,2602071,7.784065654631606
4757551,443466,7.9510224661843365
4762690,536767,7.646908298195997
4764901,317849,8.489967129074286
4767091,4535863,8.384490208935796
4767781,1345763,8.355493322471194
4771381,389215,8.600061909852684
4786231,2473276,8.295738501649078
4788031,2596999,7.8212459025074805
4803541,2216349,7.410630368526657
4807021,2494167,7.844740742943568
4807060,2129220,8.01332542713251
4811830,1897536,8.085718050165685
4814521,2607835,7.398800714401597
4820020,126927,8.364772572168265
4821211,496089,7.376233581609629
4825291,2534924,7.666254364129382
4827451,96964,8.489526236983831
4829590,1856383,8.087880564778953
4830661,78637,7.53793944807674
4832551,2905483,8.213947796733263
4841491,2286863,7.233346669210978
4844911,3110287,8.844405268082612
4850920,2854909,8.597282484216521
4851481,211163,7.786374307254201
4855051,10480,8.59362953577373
4856011,963118,8.788652021131975
4857040,4631788,8.02356822414981
4862041,912823,8.075293379995347
4864270,3839527,7.741748462530948
4864900,2341451,7.5023265699206565
4865221,1820546,8.32617883846848
4877980,2527069,7.934812079239041
4887091,443473,8.330962316106685
4900150,351403,8.37438965329611
4900561,4147033,8.8812243650453
4903531,459282,8.137963996520545
4906111,2107,6.4818764295108835
4912771,607103,8.250863541078342
4912780,305091,7.870025979787837
4913221,2281291,7.6573043518497625
4913881,2467103,8.577763080872932
4924300,315793,8.362775194189789
4927321,218833,7.285490885678527
4927801,5194960,5.776740701928975
4928461,2580687,8.459910640944651
4930390,5198926,7.160725113626001
4931401,716134,7.531813834099487
4933261,2287671,7.711794402893146
4939030,166554,7.1366169219721
4948480,2605895,6.284312418270727
4954711,2576226,3.758494841162399
4955911,2905483,8.67427286701584
4959661,6841975,8.137663547928375
4963510,2180196,8.511181976970915
4967080,2177258,8.653432894238556
4970800,4874203,7.736999431194502
4973020,2195786,8.018937326096726
4974970,3913879,8.624007020362225
4977691,2896486,8.233833759060136
4981021,2259945,7.6353410606131265
4981321,1101948,7.778098799801841
4986211,2587259,8.728523715923153
4991590,2186305,8.59582122868559
4993750,3730834,8.109496913262555
4995370,2259510,8.440133087135646
4995931,308810,6.7546936124347
4998811,2101235,7.663694372489607
5011291,7739588,7.990675026192132
5014060,211217,7.572004410973258
5022121,113710,7.434167619024861
5022910,2472795,8.30884168194982
5028550,691258,7.712814851911686
5030191,722880,6.431472019381914
5036530,843803,7.905934913808545
5037001,1330247,8.864368318870289
5038921,317968,8.281095205247855
5040391,2445599,7.9633575310003115
5042080,2897803,7.881350373977588
5042491,681803,7.13950691188999
5045080,2129220,8.089261600883948
5045251,5679028,7.825857328732494
5048761,2603306,5.814558267578932
5054410,854210,8.345269050048625
5058181,2603531,8.244461262321707
5060731,463181,8.372498530774108
5073751,3610228,6.149703110956821
5076391,2286863,8.600329829963197
5086690,2349719,8.517648903383758
5097310,4783621,8.39294834829001
5098090,2450614,8.471963129143989
5102770,2754294,7.669661598176954
5107651,2273687,8.010717813245428
5107780,1796985,7.869479751263202
5111740,2588406,7.2421984728315465
5113261,2930800,7.681038531706859
5113801,520845,7.8244491020743805
5121520,1990404,7.90423261073312
5123071,103890,8.011938087380393
5123110,2433873,7.779181916511121
5127031,4296253,7.858348159719192
5128060,2203815,7.362574856058161
5128630,1757592,8.228748176217485
5134570,554183,8.610620311549617
5138101,4018390,7.459929969121675
5138401,2019613,7.7404152837366675
5146870,1073705,7.724594616054869
5153671,541307,6.771551943882052
5155060,1796985,8.369254450782238
5159860,2477554,6.81228589060501
5160541,454358,7.3049109390141975
5170471,1773733,7.678144011664367
5174431,4778437,8.377804794486492
5175100,2344254,8.381629642863526
5177371,1796985,7.606992511396327
5181271,8369,8.511181976970915
5184070,3442753,7.0890357026825965
5184580,2759493,7.660519448735081
5186281,4183798,7.672531753947172
5196790,2454970,8.356779907929344
5199220,2770245,8.603706483585356
5209240,458860,7.277304150147807
5213710,2530462,6.222765746526398
5216050,4183798,8.368918555023615
5216110,4183798,8.368918555023615
5216170,4183798,8.368918555023615
5218531,621624,7.770663720174687
5219611,4183798,8.368918555023615
5219620,4183798,8.368918555023615
5222350,3113920,8.563133190413945
5225401,3156229,4.373506189984924
5238070,206553,8.132471354829347
5239690,2389784,8.238435072449377
5239750,531001,7.85054297776622
5242030,308362,8.235212441077337
5249170,2371625,7.50893649354576
5251261,312875,8.078261913006763
5252791,474003,7.357945571482762
5254690,4127287,8.243226245751616
5255641,460127,8.2904714094901
5268901,1215868,6.916755091320092
5277361,5000536,8.000209004852282
5280340,2438333,4.262126253889541
5282440,1593477,7.609041583354122
5296450,446229,7.496483465637336
5305690,1753316,8.348229607440173
5306350,2409026,7.265694484335492
5310751,218833,8.127812185137074
5311180,2466103,8.11806797599479
5314900,3442984,8.265110804335713
5320930,485732,8.04698442809378
5330830,3795157,7.67416329471269
5331181,2883667,7.687311001811769
5331301,2193265,8.65157637326151
5335171,2537999,8.583259275983478
5336080,5144344,7.804995840142864
5348020,449274,8.345508625474025
5349850,2580688,8.482487399275312
5356921,4421068,8.82827462268893
5360251,2312916,8.225655274466092
5363491,439491,7.1357400119705305
5368831,625734,7.882875007459067
5370310,2985898,8.885970017122439
5371171,1122607,7.755430761693696
5372080,173309,8.628614812704852
5372320,3739819,8.88011717249181
5373781,4575061,8.370391001219144
5386981,2450614,7.913028886589838
5393431,2588712,8.552467275110736
5393830,2307589,8.080705032526645
5396581,2575023,7.527327473799304
5397760,321150,7.098665543326462
5404870,2830777,8.568895528051767
5405620,305091,8.327835305799828
5406490,5093221,8.032765217286542
5414530,1379172,7.712058084697191
5422831,6094612,7.742984069846353
5429080,995330,7.885425462770727
5440621,2601614,7.995142194534844
5440891,4834366,8.102986816281145
5442040,3036901,7.0193018786118735
5442871,326893,8.236554809170862
5443831,2298584,6.791291693996343
5448541,3419002,8.831156442560388
5453050,181149,7.257619554918017
5453401,1201840,8.182424284101563
5456560,4204885,8.82303909486619
5458231,2301068,7.847959757406733
5459350,2469397,8.415721865447443
5460211,2939866,7.399999774259442
5460610,628495,7.814812494483543
5461741,2381753,7.439472131088781
5463310,2550430,8.101764498287185
5464870,4421068,8.803658865646456
5473591,6034,7.964519274165029
5473681,2246213,7.599397933192925
5474191,1380964,7.8194978787150635
5474311,2338203,7.688810285869104
5480611,4705573,7.7283623383601565
5482000,105269,8.237351679194878
5489131,2301594,7.962554125983498
5491921,3910687,8.39895076489491
5492791,11936,8.47935890606292
5497810,453395,8.250793385390862
5507371,2478432,8.408032947493878
5508211,2321956,8.172710295480906
5508901,1020453,7.989748632929981
5512261,2285231,7.3604192111461
5515060,496905,3.758494841162399
5520280,307422,7.934083541094391
5520820,3782353,8.006185603596425
5522080,5075125,7.683731347934563
5522461,4249822,7.66800804717199
5527021,1462299,6.933366908692257
5529511,2187406,8.118888765181037
5531611,4175653,7.327118399808211
5533570,2165949,7.102653048991248
5536591,2250220,7.620497763727746
5538841,2855431,8.273120875778751
5546530,4282375,7.903643299530292
5553031,1367817,6.9853637515472204
5560810,850815,8.020382731309304
5561320,2855920,7.0890357026825965
5563930,446229,8.420298306097866
5564161,3075385,7.92479505713945
5564671,2292891,8.180941322817976
5566000,1895551,7.869326004998235
5568361,2759493,7.7586684097399505
5575060,2989726,8.040871107297232
5578741,1231287,7.083731597614651
5580151,2127917,8.37375068352978
5583121,2295424,8.228768800406518
5583181,2101235,4.531259719133319
5587660,4760008,8.39473956997209
5588191,458860,7.6649850084695
5590291,998089,7.512677632136901
5594200,15148,7.628359781336074
5594650,3113920,8.563133190413945
5594860,100178,7.68046776045895
5595460,2142446,7.750336441753655
5598511,1380964,5.882759379965366
5599570,4370989,8.231678114148076
5603050,491017,8.233003850858395
5609221,2854876,8.31294013737331
5609881,2494167,8.519760166178596
5616100,4735141,8.79101009244503
5616181,2332590,8.407553780389497
5620180,2391259,7.326750510108184
5628160,3959167,8.401485996751214
5630500,1796985,8.257160557284994
5632561,3959155,8.78978348194483
5639320,3853426,7.6740042001427
5646511,6073047,7.367101070840032
5647540,36960,8.050294533534377
5647951,1360858,7.284541821260824
5652481,254094,8.79223380319342
5661250,1609097,8.048209404884087
5661880,5256244,7.805690268788939
5675251,2241334,8.001081612410491
5675701,7804328,8.104561634481295
5689120,2215170,8.478676920115134
5699230,4627999,7.544388678409144
6459040,443150,8.231691765209902
10335850,2435229,7.418153870796345
10987250,1753284,7.975227151977921
